Id,ActivityDate,TotalSteps,TotalDistance,TrackerDistance,LoggedActivitiesDistance,VeryActiveDistance,ModeratelyActiveDistance,LightActiveDistance,SedentaryActiveDistance,VeryActiveMinutes,FairlyActiveMinutes,LightlyActiveMinutes,SedentaryMinutes,Calories
1503960366,03/12/2016,11003,8.12,8.12,0.0,0.9,0.96,2.11,0.025891,10,24,211,604,2006
1503960366,03/13/2016,8993,6.49,6.49,0.0,1.68,0.16,1.66,0.000864,20,4,166,659,1904
1503960366,03/14/2016,7260,5.32,5.32,0.0,1.86,0.56,2.01,0.035827,22,14,201,878,2278
1503960366,03/15/2016,9581,7.27,7.27,0.0,0.73,0.88,2.02,0.018394,7,22,202,670,2035
1503960366,03/16/2016,9489,6.74,6.74,0.0,0.96,0.0,3.28,0.004245,15,0,328,528,2336
1503960366,03/17/2016,12768,10.11,10.11,0.0,0.69,0.12,1.45,0.032668,8,3,145,660,1748
1503960366,03/19/2016,6450,4.64,4.64,0.0,1.79,1.28,1.83,0.024532,19,32,183,740,2210
1503960366,03/20/2016,11730,8.98,8.98,0.0,1.72,0.16,2.55,0.038724,20,4,255,700,2146
1503960366,03/21/2016,8761,6.53,6.53,0.0,0.46,1.56,1.79,0.095491,4,39,179,684,2236
1503960366,03/22/2016,7785,5.54,5.54,0.0,6.25,0.08,1.5,0.057925,81,2,150,868,2777
1503960366,03/23/2016,11238,8.53,8.53,0.0,1.26,0.0,1.19,9.1e-05,18,0,119,528,1861
1503960366,03/24/2016,12917,10.32,10.32,0.0,0.78,0.4,1.78,0.093368,9,10,178,923,2093
1503960366,03/25/2016,7756,6.22,6.22,0.0,1.78,0.96,1.28,0.098563,19,24,128,665,2187
1503960366,03/26/2016,13904,10.33,10.33,0.0,0.85,0.24,1.52,0.080518,4,6,152,849,1744
1503960366,03/27/2016,10907,8.89,8.89,0.0,0.07,0.4,2.32,0.070708,0,10,232,819,2006
1503960366,03/28/2016,12068,9.17,9.17,0.0,0.52,0.04,1.78,0.018563,4,1,178,742,1959
1503960366,03/29/2016,8087,6.03,6.03,0.0,0.0,1.32,1.33,0.002807,1,33,133,681,1635
1503960366,03/30/2016,9003,6.92,6.92,0.0,3.56,0.36,1.24,0.040778,45,9,124,864,2052
1503960366,03/31/2016,11242,8.94,8.94,0.0,0.41,0.24,3.11,0.049565,7,6,311,838,2320
1503960366,04/01/2016,12328,9.41,9.41,0.0,0.21,0.24,1.46,0.025775,3,6,146,697,2015
1503960366,04/02/2016,6951,4.7,4.7,0.0,0.72,0.24,0.54,0.090366,7,6,54,824,1730
1503960366,04/04/2016,10536,7.85,7.85,0.0,1.68,2.04,1.99,0.023524,25,51,199,731,2273
1503960366,04/05/2016,10299,7.66,7.66,0.0,0.47,0.24,1.96,0.005679,6,6,196,739,1993
1503960366,04/06/2016,11983,9.61,9.61,0.0,0.0,0.0,1.53,0.060052,0,0,153,663,1794
1503960366,04/07/2016,10122,7.62,7.62,0.0,0.42,0.12,1.73,0.064862,7,3,173,589,1933
1503960366,04/09/2016,13929,10.9,10.9,0.0,0.2,0.08,1.49,0.069433,4,2,149,609,1759
1503960366,04/10/2016,10540,8.37,8.37,0.0,0.03,1.56,1.85,0.087283,1,39,185,586,2382
1503960366,04/11/2016,10823,7.94,7.94,0.0,0.53,0.04,1.44,0.039864,9,1,144,911,1966
1624580081,03/12/2016,13734,9.8,9.8,0.0,0.23,0.08,1.96,0.052418,0,2,196,629,1860
1624580081,03/13/2016,10524,8.18,8.18,0.0,0.71,1.16,0.78,0.052696,8,29,78,701,1884
1624580081,03/14/2016,2230,1.63,1.63,0.0,0.67,0.4,1.76,0.011068,9,10,176,957,1752
1624580081,03/16/2016,12279,9.31,9.31,0.0,0.61,2.08,2.99,0.014072,10,52,299,626,2480
1624580081,03/17/2016,7068,5.41,5.41,0.0,0.0,1.0,2.25,0.096721,0,25,225,522,1717
1624580081,03/19/2016,12476,9.62,9.62,0.0,0.55,0.24,1.03,0.06885,9,6,103,765,1891
1624580081,03/21/2016,12605,9.47,9.47,0.0,0.91,0.24,2.46,0.095138,7,6,246,1015,2171
1624580081,03/22/2016,11168,8.35,8.35,0.0,0.15,1.76,1.36,0.059632,3,44,136,1210,1925
1624580081,03/23/2016,7533,5.44,5.44,0.0,0.0,1.56,2.87,0.027789,0,39,287,1044,2474
1624580081,03/24/2016,10146,8.06,8.06,0.0,0.17,0.24,1.67,0.052068,0,6,167,771,2087
1624580081,03/25/2016,6907,5.46,5.46,0.0,0.46,0.36,0.94,0.059847,9,9,94,644,1919
1624580081,03/26/2016,8355,6.24,6.24,0.0,0.87,0.64,1.66,0.076097,11,16,166,748,2073
1624580081,03/27/2016,10649,8.07,8.07,0.0,0.17,0.16,2.17,0.095747,4,4,217,763,2128
1624580081,03/28/2016,5233,4.13,4.13,0.0,0.33,1.12,0.91,0.099293,1,28,91,1122,1714
1624580081,03/29/2016,6567,5.51,5.51,0.0,2.22,0.36,1.11,0.094314,28,9,111,1080,2087
1624580081,03/30/2016,7774,6.08,6.08,0.0,0.55,0.52,2.26,0.044979,6,13,226,1045,1884
1624580081,03/31/2016,9597,7.54,7.54,0.0,0.0,1.04,0.54,0.033537,0,26,54,919,1599
1624580081,04/01/2016,7505,5.77,5.77,0.0,1.54,0.16,1.27,0.027095,17,4,127,791,1674
1624580081,04/02/2016,11857,9.5,9.5,0.0,2.89,0.12,1.86,0.095421,36,3,186,932,2149
1624580081,04/03/2016,5302,3.87,3.87,0.0,1.02,2.48,1.97,0.01749,11,62,197,935,2302
1624580081,04/04/2016,3103,2.27,2.27,0.0,0.29,0.48,0.41,0.055766,6,12,41,691,1719
1624580081,04/05/2016,9286,7.03,7.03,0.0,1.6,0.08,1.55,0.071578,20,2,155,683,2050
1624580081,04/06/2016,5805,4.05,4.05,0.0,2.04,0.28,1.54,0.016063,22,7,154,761,2026
1624580081,04/07/2016,10816,7.99,7.99,0.0,2.35,0.52,1.85,0.041781,27,13,185,737,2034
1624580081,04/08/2016,10156,7.42,7.42,0.0,0.44,0.04,1.57,0.068517,8,1,157,704,1828
1624580081,04/09/2016,8405,6.19,6.19,0.0,0.3,0.56,2.22,0.084016,5,14,222,938,1839
1624580081,04/10/2016,9012,6.82,6.82,0.0,2.07,0.28,1.48,0.018492,31,7,148,580,1927
1624580081,04/11/2016,14308,10.05,10.05,0.0,0.3,0.04,1.87,0.051821,5,1,187,830,1993
1644430081,03/12/2016,5897,4.42,4.42,0.0,0.07,0.36,1.3,0.093291,1,9,130,620,1853
1644430081,03/13/2016,8393,5.96,5.96,0.0,0.36,0.72,0.78,0.085777,4,18,78,1054,1624
1644430081,03/14/2016,13448,10.62,10.62,0.0,0.52,1.52,2.25,0.009304,6,38,225,869,1956
1644430081,03/15/2016,12656,9.27,9.27,0.0,2.06,0.04,2.78,0.075178,30,1,278,728,2333
1644430081,03/16/2016,7875,6.07,6.07,0.0,0.01,0.72,1.56,0.013642,0,18,156,543,1820
1644430081,03/17/2016,7599,5.98,5.98,0.0,1.67,0.16,0.82,0.02605,21,4,82,763,1692
1644430081,03/18/2016,10129,7.36,7.36,0.0,2.4,0.48,2.6,0.097565,30,12,260,661,2137
1644430081,03/20/2016,10930,8.18,8.18,0.0,0.58,1.56,1.88,0.090532,6,39,188,1180,1953
1644430081,03/21/2016,10007,7.76,7.76,0.0,2.52,0.16,0.62,0.046823,33,4,62,871,1669
1644430081,03/22/2016,12326,9.88,9.88,0.0,0.11,2.04,1.4,0.075408,1,51,140,863,2079
1644430081,03/23/2016,12927,9.92,9.92,0.0,0.29,0.76,1.74,0.054971,5,19,174,469,1747
1644430081,03/24/2016,8990,7.17,7.17,0.0,0.92,0.12,0.72,0.024165,10,3,72,725,1799
1644430081,03/25/2016,10358,7.25,7.25,0.0,0.73,0.08,1.77,0.009379,10,2,177,925,2068
1644430081,03/26/2016,10442,8.65,8.65,0.0,0.42,1.0,2.07,0.034475,5,25,207,1038,2004
1644430081,03/27/2016,8551,6.5,6.5,0.0,0.0,0.56,2.95,0.001659,2,14,295,806,2060
1644430081,03/28/2016,9740,7.83,7.83,0.0,4.63,0.72,2.19,0.046628,59,18,219,605,2572
1644430081,03/29/2016,13596,10.53,10.53,0.0,0.54,1.12,1.79,0.044392,8,28,179,503,1567
1644430081,03/30/2016,9760,7.5,7.5,0.0,1.81,0.4,2.99,0.03002,24,10,299,824,2364
1644430081,03/31/2016,9486,7.26,7.26,0.0,0.0,0.4,1.05,0.09792,0,10,105,868,1435
1644430081,04/02/2016,5779,4.51,4.51,0.0,1.04,0.0,1.96,0.049024,11,0,196,682,1649
1644430081,04/03/2016,8106,6.04,6.04,0.0,3.23,0.0,1.79,0.04457,40,0,179,946,2556
1644430081,04/04/2016,9138,6.95,6.95,0.0,0.79,0.08,2.56,0.066628,13,2,256,975,2233
1644430081,04/05/2016,14370,11.26,11.26,0.0,0.0,0.0,1.59,0.058034,1,0,159,935,1700
1644430081,04/06/2016,5285,4.28,4.28,0.0,1.34,1.68,1.39,0.0674,14,42,139,739,2269
1644430081,04/07/2016,10122,7.54,7.54,0.0,3.85,3.08,2.59,0.060326,45,77,259,949,2740
1644430081,04/08/2016,7124,6.03,6.03,0.0,0.53,0.4,1.88,0.036296,7,10,188,628,1811
1644430081,04/09/2016,6523,5.17,5.17,0.0,0.89,0.08,1.66,0.008877,10,2,166,865,1813
1644430081,04/10/2016,12619,9.77,9.77,0.0,1.87,1.72,0.81,0.047624,23,43,81,969,2130
1644430081,04/11/2016,10866,7.88,7.88,0.0,5.33,0.0,2.04,0.020442,62,0,204,749,2069
1844505072,03/12/2016,5992,4.22,4.22,0.0,0.24,1.56,2.31,0.055459,4,39,231,856,2113
1844505072,03/13/2016,4267,2.98,2.98,0.0,0.02,0.12,0.7,0.081774,0,3,70,1172,1270
1844505072,03/15/2016,9695,7.68,7.68,0.0,2.38,0.48,1.3,0.061722,30,12,130,1094,2058
1844505072,03/16/2016,9939,7.49,7.49,0.0,0.22,2.12,0.88,0.090027,3,53,88,867,2026
1844505072,03/17/2016,9896,7.57,7.57,0.0,0.78,0.56,1.57,0.0131,11,14,157,1164,1938
1844505072,03/18/2016,10009,7.41,7.41,0.0,0.46,0.28,1.0,0.06311,4,7,100,1028,1569
1844505072,03/19/2016,9878,7.15,7.15,0.0,1.46,0.08,1.68,0.06513,21,2,168,1137,1925
1844505072,03/20/2016,9157,7.12,7.12,0.0,0.65,0.2,1.92,0.01805,9,5,192,1202,1860
1844505072,03/21/2016,6101,4.89,4.89,0.0,0.6,0.36,1.73,0.084421,12,9,173,1092,1956
1844505072,03/22/2016,4079,3.73,3.73,0.0,0.86,0.04,1.33,0.014898,11,1,133,696,1938
1844505072,03/23/2016,9875,7.9,7.9,0.0,2.79,0.52,1.19,0.066461,34,13,119,1274,2023
1844505072,03/24/2016,13152,10.39,10.39,0.0,1.05,0.12,2.14,0.027967,13,3,214,1210,1988
1844505072,03/25/2016,4394,3.71,3.71,0.0,0.12,1.2,2.43,0.043861,4,30,243,1070,2200
1844505072,03/26/2016,7429,5.01,5.01,0.0,1.28,0.04,1.78,0.049208,9,1,178,993,1996
1844505072,03/28/2016,10810,7.78,7.78,0.0,0.42,0.28,2.71,0.009779,6,7,271,931,2015
1844505072,03/29/2016,7777,6.37,6.37,0.0,0.0,0.32,1.67,0.033801,0,8,167,987,1746
1844505072,03/30/2016,11936,8.95,8.95,0.0,0.24,0.12,1.78,0.068591,0,3,178,1219,1985
1844505072,03/31/2016,6875,5.07,5.07,0.0,0.12,1.36,1.74,0.078658,1,34,174,1231,1854
1844505072,04/01/2016,6187,4.98,4.98,0.0,0.63,0.64,1.95,0.04448,10,16,195,1219,2008
1844505072,04/02/2016,13095,9.93,9.93,0.0,0.94,0.04,1.51,0.003284,9,1,151,917,1934
1844505072,04/03/2016,7936,5.83,5.83,0.0,1.65,0.68,2.28,0.087215,25,17,228,968,2188
1844505072,04/04/2016,5872,4.58,4.58,0.0,0.41,0.36,1.02,0.02349,8,9,102,1158,1673
1844505072,04/05/2016,7367,5.28,5.28,0.0,0.6,1.72,1.05,0.083255,6,43,105,1189,1943
1844505072,04/06/2016,7648,6.38,6.38,0.0,0.91,0.32,1.33,0.091257,8,8,133,1177,1839
1844505072,04/07/2016,11204,8.49,8.49,0.0,0.55,1.2,1.82,0.023302,4,30,182,1185,1869
1844505072,04/08/2016,7646,5.59,5.59,0.0,1.54,0.48,2.75,0.088754,19,12,275,1134,2466
1844505072,04/09/2016,7287,5.64,5.64,0.0,0.73,0.44,2.01,0.037006,10,11,201,1208,1900
1844505072,04/10/2016,8186,6.37,6.37,0.0,0.64,0.04,1.54,0.077365,6,1,154,1170,1973
1844505072,04/11/2016,6657,5.08,5.08,0.0,0.42,0.68,1.64,0.082173,5,17,164,1008,2216
1927972279,03/12/2016,10490,8.49,8.49,0.0,1.21,1.84,1.07,0.074015,15,46,107,1242,1957
1927972279,03/13/2016,10121,7.77,7.77,0.0,3.95,0.2,2.55,0.02411,50,5,255,1055,2134
1927972279,03/14/2016,14476,10.73,10.73,0.0,1.98,0.44,2.17,0.070158,25,11,217,1187,2232
1927972279,03/15/2016,9579,7.52,7.52,0.0,0.82,0.16,0.96,0.025085,10,4,96,1330,1758
1927972279,03/17/2016,16420,12.49,12.49,0.0,2.83,0.32,1.6,0.048988,36,8,160,1185,2165
1927972279,03/18/2016,16196,12.29,12.29,0.0,0.13,0.16,1.99,0.062652,2,4,199,1235,1816
1927972279,03/20/2016,13409,10.53,10.53,0.0,0.25,0.36,1.46,0.016997,2,9,146,1204,2148
1927972279,03/21/2016,13929,10.9,10.9,0.0,0.64,0.08,0.55,0.041351,11,2,55,1172,2004
1927972279,03/22/2016,10256,7.57,7.57,0.0,0.17,0.8,1.33,0.035731,1,20,133,1208,1944
1927972279,03/23/2016,15777,12.04,12.04,0.0,1.4,0.32,1.88,0.044458,14,8,188,1120,2136
1927972279,03/24/2016,11042,7.99,7.99,0.0,0.21,0.2,2.04,0.014744,3,5,204,1228,1810
1927972279,03/25/2016,8808,7.17,7.17,0.0,3.79,1.36,2.31,0.040353,47,34,231,1128,2485
1927972279,03/26/2016,15757,11.61,11.61,0.0,1.49,0.72,2.4,0.051478,19,18,240,1163,2084
1927972279,03/27/2016,9973,7.21,7.21,0.0,1.39,0.28,0.69,0.039212,20,7,69,822,1690
1927972279,03/28/2016,12796,9.09,9.09,0.0,0.64,0.04,0.94,0.009106,10,1,94,968,1581
1927972279,03/29/2016,10138,7.73,7.73,0.0,2.28,0.4,1.39,0.011226,30,10,139,1261,1910
1927972279,03/30/2016,12716,9.66,9.66,0.0,0.2,0.0,1.03,0.006098,1,0,103,1219,1756
1927972279,03/31/2016,7794,5.61,5.61,0.0,0.64,0.28,1.52,0.030308,12,7,152,1040,1771
1927972279,04/01/2016,11392,8.59,8.59,0.0,1.6,0.28,1.04,0.004876,21,7,104,1308,1657
1927972279,04/02/2016,11092,8.58,8.58,0.0,0.74,2.64,2.53,0.082744,9,66,253,1112,2334
1927972279,04/03/2016,11915,8.97,8.97,0.0,0.4,0.2,2.65,0.05623,7,5,265,912,1980
1927972279,04/04/2016,13112,10.51,10.51,0.0,2.89,0.32,2.48,0.052765,41,8,248,1143,2323
1927972279,04/05/2016,15308,11.74,11.74,0.0,1.53,0.8,1.99,0.091171,20,20,199,1186,2112
1927972279,04/06/2016,10795,8.28,8.28,0.0,0.99,0.6,1.94,0.019351,7,15,194,863,1963
1927972279,04/07/2016,12926,9.42,9.42,0.0,6.21,0.36,1.86,0.073655,84,9,186,1161,2472
1927972279,04/08/2016,14373,10.85,10.85,0.0,0.67,2.2,1.78,0.020414,3,55,178,1010,2048
1927972279,04/09/2016,15615,12.01,12.01,0.0,0.41,0.08,2.14,0.043581,6,2,214,1153,2044
1927972279,04/10/2016,11383,8.45,8.45,0.0,1.05,0.68,2.43,0.068944,15,17,243,1165,2325
1927972279,04/11/2016,15378,11.03,11.03,0.0,1.87,1.4,0.83,0.093455,23,35,83,1098,1955
2022484408,03/12/2016,7582,5.76,5.76,0.0,0.76,0.08,2.82,0.074771,8,2,282,874,1971
2022484408,03/13/2016,11362,8.71,8.71,0.0,4.13,0.2,1.69,0.031189,51,5,169,819,2367
2022484408,03/14/2016,7297,6.47,6.47,0.0,0.99,0.04,1.51,0.047409,13,1,151,870,1918
2022484408,03/15/2016,10625,8.46,8.46,0.0,0.44,0.36,1.7,0.008606,7,9,170,765,1887
2022484408,03/16/2016,7496,5.01,5.01,0.0,0.83,0.44,1.16,0.065508,15,11,116,642,1860
2022484408,03/17/2016,8482,6.46,6.46,0.0,0.25,0.64,2.02,0.018439,1,16,202,871,1882
2022484408,03/18/2016,10621,8.08,8.08,0.0,0.49,0.32,0.8,0.059459,6,8,80,665,1538
2022484408,03/19/2016,11191,8.26,8.26,0.0,2.55,0.2,2.39,0.089202,34,5,239,937,2164
2022484408,03/20/2016,9806,7.62,7.62,0.0,1.19,0.56,1.41,0.04569,12,14,141,753,1777
2022484408,03/21/2016,10947,8.1,8.1,0.0,2.04,0.52,2.64,0.068501,26,13,264,777,2287
2022484408,03/22/2016,7900,6.19,6.19,0.0,1.38,0.68,1.59,0.088897,15,17,159,856,1935
2022484408,03/23/2016,11001,7.99,7.99,0.0,2.72,2.12,1.66,0.046689,32,53,166,891,2437
2022484408,03/24/2016,9055,6.57,6.57,0.0,1.79,0.64,1.5,0.023709,22,16,150,754,1865
2022484408,03/25/2016,6060,4.65,4.65,0.0,1.12,0.16,2.33,0.060578,15,4,233,457,1982
2022484408,03/26/2016,7489,5.65,5.65,0.0,1.65,0.08,2.49,0.008401,20,2,249,1021,2381
2022484408,03/27/2016,11728,9.06,9.06,0.0,0.96,3.48,2.07,0.059979,8,87,207,901,2108
2022484408,03/29/2016,2681,2.1,2.1,0.0,0.06,0.4,2.2,0.041781,0,10,220,776,1894
2022484408,03/30/2016,10983,8.02,8.02,0.0,1.55,0.0,1.84,0.054779,13,0,184,938,1539
2022484408,03/31/2016,7146,5.17,5.17,0.0,0.16,2.08,1.9,0.066394,2,52,190,713,2176
2022484408,04/01/2016,8101,6.21,6.21,0.0,0.65,0.48,0.68,0.022068,11,12,68,869,1764
2022484408,04/02/2016,7053,5.28,5.28,0.0,1.93,0.36,1.55,0.023224,26,9,155,919,1914
2022484408,04/03/2016,11771,8.84,8.84,0.0,1.62,0.56,1.91,0.082667,17,14,191,656,2218
2022484408,04/04/2016,6617,5.03,5.03,0.0,1.96,0.12,1.44,0.078422,25,3,144,793,2079
2022484408,04/05/2016,11027,7.96,7.96,0.0,1.61,0.0,1.78,0.066312,24,0,178,884,2196
2022484408,04/06/2016,2821,2.44,2.44,0.0,0.4,2.48,1.87,0.071676,1,62,187,720,2012
2022484408,04/07/2016,10273,8.08,8.08,0.0,0.2,0.16,0.36,0.083796,1,4,36,980,1734
2022484408,04/08/2016,6033,4.64,4.64,0.0,1.17,1.2,2.12,0.005122,13,30,212,959,2104
2022484408,04/09/2016,8364,6.98,6.98,0.0,1.85,0.12,1.89,0.048573,24,3,189,852,1987
2022484408,04/10/2016,7358,6.35,6.35,0.0,1.87,0.4,1.69,0.064078,21,10,169,951,2153
2022484408,04/11/2016,6286,5.02,5.02,0.0,0.48,0.64,0.71,0.086973,8,16,71,787,1839
2026352035,03/12/2016,6871,5.07,5.07,0.0,1.45,0.2,1.61,0.064593,20,5,161,1018,2082
2026352035,03/13/2016,6829,4.99,4.99,0.0,0.24,0.4,2.92,0.081354,7,10,292,1131,2282
2026352035,03/14/2016,9714,6.97,6.97,0.0,0.04,1.04,1.61,0.038913,0,26,161,1092,1753
2026352035,03/15/2016,10707,7.55,7.55,0.0,2.58,0.16,1.58,0.008402,32,4,158,1060,2068
2026352035,03/16/2016,10965,8.63,8.63,0.0,1.92,0.72,1.61,0.021593,23,18,161,1203,2112
2026352035,03/17/2016,12526,9.06,9.06,0.0,0.0,0.24,3.01,0.052865,1,6,301,1013,2168
2026352035,03/18/2016,5650,4.3,4.3,0.0,0.29,0.4,1.66,0.043864,5,10,166,1075,1866
2026352035,03/19/2016,10396,7.72,7.72,0.0,0.99,0.16,1.31,0.083807,12,4,131,1293,1850
2026352035,03/20/2016,10496,7.72,7.72,0.0,0.53,1.0,1.06,0.07078,8,25,106,1034,1856
2026352035,03/21/2016,4896,3.38,3.38,0.0,0.0,0.52,1.16,0.070137,1,13,116,1306,1859
2026352035,03/22/2016,10935,8.3,8.3,0.0,2.88,0.48,1.89,0.029047,36,12,189,1094,2163
2026352035,03/23/2016,6330,5.31,5.31,0.0,4.1,0.08,1.8,0.029071,54,2,180,1204,2258
2026352035,03/24/2016,9720,6.76,6.76,0.0,2.67,0.16,2.23,0.066221,36,4,223,1154,2171
2026352035,03/25/2016,8245,6.34,6.34,0.0,1.36,0.88,1.3,0.093906,16,22,130,1272,1796
2026352035,03/26/2016,11910,9.17,9.17,0.0,0.59,0.04,2.39,0.010203,7,1,239,1102,1894
2026352035,03/27/2016,9369,6.9,6.9,0.0,0.26,1.04,3.09,0.044705,2,26,309,1103,2381
2026352035,03/28/2016,9178,6.94,6.94,0.0,1.03,0.28,1.18,0.058376,12,7,118,1303,1602
2026352035,03/29/2016,9984,7.61,7.61,0.0,0.67,0.16,2.71,0.054558,10,4,271,1155,2460
2026352035,03/30/2016,1027,0.2,0.2,0.0,0.16,0.56,2.17,0.056021,4,14,217,1205,1978
2026352035,03/31/2016,6518,4.8,4.8,0.0,0.0,0.48,1.75,0.08575,0,12,175,1253,2058
2026352035,04/01/2016,7090,5.26,5.26,0.0,2.22,0.56,1.55,0.015369,31,14,155,1064,2402
2026352035,04/02/2016,6362,4.33,4.33,0.0,0.03,0.12,1.79,0.035335,1,3,179,1230,2179
2026352035,04/03/2016,12393,9.25,9.25,0.0,1.36,0.4,1.66,0.0411,16,10,166,1037,2003
2026352035,04/04/2016,6121,4.69,4.69,0.0,1.82,0.04,1.97,0.099263,19,1,197,1166,2136
2026352035,04/05/2016,6801,5.4,5.4,0.0,1.46,0.12,1.81,0.05085,20,3,181,1156,2123
2026352035,04/06/2016,6954,5.6,5.6,0.0,2.09,1.12,1.53,0.041011,22,28,153,1231,2252
2026352035,04/07/2016,11109,8.17,8.17,0.0,0.0,0.8,2.13,0.001491,0,20,213,1058,2125
2026352035,04/08/2016,16304,12.05,12.05,0.0,0.46,0.36,2.78,0.075988,6,9,278,1147,1935
2026352035,04/09/2016,8000,5.82,5.82,0.0,1.15,0.24,2.4,0.052355,17,6,240,1177,1899
2026352035,04/10/2016,7214,5.45,5.45,0.0,2.14,0.28,2.29,0.067462,27,7,229,1177,2201
2026352035,04/11/2016,9259,8.04,8.04,0.0,0.41,0.28,2.21,0.027067,8,7,221,1047,1851
2320127002,03/13/2016,5410,4.19,4.19,0.0,1.63,0.4,1.4,0.031403,23,10,140,879,1874
2320127002,03/14/2016,1996,2.47,2.47,0.0,0.0,0.76,1.74,0.012185,0,19,174,1143,1966
2320127002,03/15/2016,3775,2.83,2.83,0.0,0.07,0.0,0.86,0.013189,0,0,86,1059,1582
2320127002,03/16/2016,5881,4.86,4.86,0.0,0.68,0.04,0.93,0.063747,6,1,93,1017,1760
2320127002,03/17/2016,8088,6.01,6.01,0.0,1.57,0.04,1.73,0.068049,19,1,173,1247,2040
2320127002,03/19/2016,4491,3.26,3.26,0.0,0.89,0.48,2.65,0.099319,6,12,265,1122,2006
2320127002,03/20/2016,6886,5.06,5.06,0.0,1.61,0.2,2.23,0.038459,17,5,223,1123,2017
2320127002,03/21/2016,5954,4.54,4.54,0.0,0.0,0.44,2.82,0.097061,0,11,282,1147,2021
2320127002,03/22/2016,8348,6.71,6.71,0.0,0.66,0.28,1.99,0.046609,7,7,199,1024,2000
2320127002,03/24/2016,4756,3.08,3.08,0.0,0.23,0.16,2.84,0.098346,2,4,284,1150,2021
2320127002,03/25/2016,4534,3.55,3.55,0.0,0.45,0.08,1.32,0.023115,4,2,132,1200,1710
2320127002,03/26/2016,6049,4.2,4.2,0.0,0.0,0.16,2.34,0.096888,2,4,234,1166,1906
2320127002,03/27/2016,11991,9.32,9.32,0.0,0.12,0.08,1.34,0.09282,2,2,134,1281,1604
2320127002,03/28/2016,8063,6.25,6.25,0.0,0.16,0.72,2.26,0.04563,1,18,226,1195,1816
2320127002,03/29/2016,10412,8.62,8.62,0.0,0.0,1.64,2.54,0.048369,0,41,254,1145,2151
2320127002,03/30/2016,8891,6.91,6.91,0.0,1.66,0.36,1.54,0.045784,21,9,154,1255,1960
2320127002,03/31/2016,1327,0.98,0.98,0.0,0.2,0.0,1.56,0.011675,3,0,156,1085,1885
2320127002,04/01/2016,5010,3.9,3.9,0.0,0.0,0.44,1.9,0.00523,0,11,190,1138,2194
2320127002,04/02/2016,8352,6.43,6.43,0.0,0.57,0.0,1.58,0.005048,7,0,158,1275,1757
2320127002,04/03/2016,8580,6.25,6.25,0.0,3.07,0.16,1.45,0.006419,35,4,145,1046,2178
2320127002,04/04/2016,7397,5.47,5.47,0.0,1.11,0.0,0.99,0.06881,15,0,99,1212,1731
2320127002,04/05/2016,10792,8.63,8.63,0.0,1.92,0.04,0.98,0.020298,25,1,98,907,1938
2320127002,04/06/2016,6335,4.97,4.97,0.0,0.19,0.76,1.71,0.026439,2,19,171,956,1774
2320127002,04/07/2016,3606,2.82,2.82,0.0,1.07,1.6,1.64,0.019582,16,40,164,893,2351
2320127002,04/08/2016,6536,5.25,5.25,0.0,2.13,0.92,1.61,0.034655,23,23,161,1233,2026
2320127002,04/09/2016,9523,7.22,7.22,0.0,1.14,0.44,2.15,0.02477,8,11,215,1009,2113
2320127002,04/10/2016,9664,7.19,7.19,0.0,1.53,0.52,2.66,0.088156,20,13,266,1141,2414
2320127002,04/11/2016,4869,3.9,3.9,0.0,0.33,1.48,2.41,0.04412,6,37,241,925,2316
2347167796,03/12/2016,11771,9.06,9.06,0.0,4.4,0.68,2.03,0.016007,56,17,203,1146,2573
2347167796,03/13/2016,10019,7.62,7.62,0.0,0.59,0.16,1.5,0.097331,6,4,150,1138,1719
2347167796,03/14/2016,7579,6.22,6.22,0.0,0.35,2.2,0.93,0.013005,3,55,93,835,1975
2347167796,03/15/2016,11052,7.93,7.93,0.0,1.05,0.36,1.94,0.071476,13,9,194,960,2129
2347167796,03/16/2016,7713,6.32,6.32,0.0,1.68,0.2,2.48,0.04446,20,5,248,793,2396
2347167796,03/17/2016,9380,7.64,7.64,0.0,2.75,0.48,1.51,0.019502,40,12,151,805,2207
2347167796,03/18/2016,6635,4.58,4.58,0.0,1.38,0.24,2.01,0.042089,13,6,201,920,2281
2347167796,03/19/2016,14129,11.18,11.18,0.0,0.0,0.16,2.25,0.040007,1,4,225,1181,2197
2347167796,03/20/2016,10592,7.66,7.66,0.0,1.75,0.44,2.05,0.047814,23,11,205,771,2163
2347167796,03/21/2016,7737,5.83,5.83,0.0,0.76,0.0,2.84,0.035322,6,0,284,905,2316
2347167796,03/22/2016,9738,7.33,7.33,0.0,1.02,0.12,1.88,0.008562,12,3,188,818,1868
2347167796,03/25/2016,11759,8.48,8.48,0.0,1.3,4.28,2.3,0.088495,16,107,230,807,2526
2347167796,03/26/2016,15131,11.18,11.18,0.0,0.8,0.48,2.16,0.013973,12,12,216,850,2107
2347167796,03/27/2016,14199,10.95,10.95,0.0,1.36,0.8,3.24,0.019162,18,20,324,1065,2344
2347167796,03/28/2016,8315,6.51,6.51,0.0,1.52,1.0,1.7,0.008867,19,25,170,732,2025
2347167796,03/29/2016,11634,8.92,8.92,0.0,0.98,0.28,1.72,0.098416,12,7,172,799,1604
2347167796,03/30/2016,8478,6.73,6.73,0.0,2.21,0.12,2.9,0.070993,29,3,290,1118,2379
2347167796,03/31/2016,9131,7.38,7.38,0.0,1.39,0.4,1.27,0.02472,16,10,127,926,2011
2347167796,04/01/2016,14066,10.16,10.16,0.0,0.63,0.96,1.78,0.087209,9,24,178,982,2083
2347167796,04/02/2016,11403,8.76,8.76,0.0,4.98,0.04,1.46,0.076263,60,1,146,1104,2177
2347167796,04/03/2016,13488,10.15,10.15,0.0,0.0,0.04,1.69,0.049016,3,1,169,1044,1575
2347167796,04/05/2016,8048,6.18,6.18,0.0,0.77,1.28,2.34,0.02955,9,32,234,998,2214
2347167796,04/06/2016,9637,7.0,7.0,0.0,0.25,0.04,2.04,0.037148,4,1,204,915,2095
2347167796,04/07/2016,11862,9.18,9.18,0.0,1.07,0.08,1.4,0.033114,11,2,140,1268,1814
2347167796,04/08/2016,12084,9.14,9.14,0.0,0.11,0.36,1.46,0.037689,0,9,146,854,1817
2347167796,04/09/2016,11498,9.11,9.11,0.0,2.78,1.28,2.07,0.093101,37,32,207,1136,2328
2347167796,04/10/2016,8883,6.74,6.74,0.0,1.24,0.2,1.9,0.046096,9,5,190,1073,2098
2347167796,04/11/2016,6999,5.1,5.1,0.0,0.89,2.08,1.63,0.091624,8,52,163,817,2079
2873212765,03/13/2016,2257,2.16,2.16,0.0,0.14,0.08,2.92,0.051628,3,2,292,865,1886
2873212765,03/14/2016,3941,2.94,2.94,0.0,1.24,2.16,1.64,0.090526,16,54,164,1206,2227
2873212765,03/15/2016,7532,5.37,5.37,0.0,0.95,0.0,0.74,0.029967,11,0,74,1269,1422
2873212765,03/16/2016,7399,5.38,5.38,0.0,0.23,0.44,1.13,0.032317,3,11,113,1287,1794
2873212765,03/17/2016,7165,6.17,6.17,0.0,0.94,0.6,2.15,0.0231,9,15,215,870,1785
2873212765,03/18/2016,11994,9.06,9.06,0.0,4.28,1.68,1.47,0.057292,54,42,147,1177,2463
2873212765,03/19/2016,12811,9.87,9.87,0.0,0.4,1.16,2.79,0.027573,4,29,279,1128,2087
2873212765,03/20/2016,6951,5.27,5.27,0.0,0.14,0.16,1.5,0.016778,1,4,150,938,1821
2873212765,03/21/2016,5363,3.89,3.89,0.0,1.06,0.6,2.23,0.018071,13,15,223,1125,2289
2873212765,03/22/2016,9055,7.13,7.13,0.0,2.37,0.36,1.9,0.073299,28,9,190,1213,2218
2873212765,03/23/2016,9227,7.4,7.4,0.0,0.54,0.56,1.32,0.060696,4,14,132,1290,1943
2873212765,03/24/2016,10542,8.66,8.66,0.0,2.04,0.0,1.53,0.049963,27,0,153,1070,1817
2873212765,03/25/2016,8360,6.77,6.77,0.0,0.02,1.08,1.74,0.035547,1,27,174,1088,1933
2873212765,03/26/2016,6831,5.03,5.03,0.0,1.38,0.56,2.54,0.036107,16,14,254,1062,2158
2873212765,03/27/2016,9212,7.5,7.5,0.0,2.25,0.16,2.24,0.060437,26,4,224,1186,2233
2873212765,03/28/2016,7432,5.65,5.65,0.0,3.15,0.16,2.45,0.019501,36,4,245,1155,2425
2873212765,03/29/2016,6631,4.94,4.94,0.0,1.19,0.48,1.67,0.074288,12,12,167,1192,2043
2873212765,03/30/2016,10128,7.24,7.24,0.0,1.1,0.28,1.54,0.028165,16,7,154,979,1845
2873212765,03/31/2016,5958,4.92,4.92,0.0,0.86,0.12,1.47,0.023947,8,3,147,1282,1900
2873212765,04/01/2016,4333,3.45,3.45,0.0,5.73,0.08,1.6,0.048825,73,2,160,1072,2428
2873212765,04/02/2016,6637,5.04,5.04,0.0,3.44,0.84,1.95,0.012647,43,21,195,1055,1963
2873212765,04/03/2016,9493,7.79,7.79,0.0,0.23,0.92,2.31,0.037261,2,23,231,1184,1827
2873212765,04/04/2016,9247,6.65,6.65,0.0,0.26,0.8,1.21,0.018868,1,20,121,1167,1931
2873212765,04/05/2016,8109,6.33,6.33,0.0,2.62,0.08,1.52,0.018557,37,2,152,924,2176
2873212765,04/06/2016,9519,7.24,7.24,0.0,0.24,0.08,2.01,0.01755,6,2,201,1217,1938
2873212765,04/07/2016,9516,7.08,7.08,0.0,0.32,1.04,1.38,0.054183,5,26,138,993,1871
2873212765,04/08/2016,8398,5.98,5.98,0.0,3.84,0.28,1.52,0.083791,44,7,152,1123,2291
2873212765,04/09/2016,11629,9.02,9.02,0.0,0.44,1.24,1.02,0.085618,3,31,102,1162,1697
2873212765,04/10/2016,6732,5.02,5.02,0.0,1.65,0.2,1.67,0.008729,18,5,167,1250,2012
2873212765,04/11/2016,6042,4.51,4.51,0.0,1.83,0.4,1.46,0.016082,26,10,146,1153,1931
3372868164,03/12/2016,10840,8.35,8.35,0.0,0.27,0.0,0.85,0.060496,5,0,85,1121,1725
3372868164,03/13/2016,9062,6.78,6.78,0.0,1.49,0.84,0.28,0.065029,16,21,28,1057,1775
3372868164,03/14/2016,10207,7.99,7.99,0.0,2.28,0.28,2.74,0.090355,30,7,274,885,2460
3372868164,03/15/2016,10150,7.64,7.64,0.0,2.38,0.44,2.52,0.036502,25,11,252,1152,2451
3372868164,03/16/2016,10883,8.48,8.48,0.0,0.14,0.8,1.73,0.036373,1,20,173,997,1988
3372868164,03/17/2016,4312,3.22,3.22,0.0,1.62,0.32,0.96,0.020793,23,8,96,970,2009
3372868164,03/18/2016,6459,4.64,4.64,0.0,0.91,0.12,2.15,0.010505,9,3,215,968,2064
3372868164,03/19/2016,9983,7.47,7.47,0.0,0.9,0.24,1.46,0.069932,9,6,146,742,1837
3372868164,03/20/2016,17728,13.85,13.85,0.0,0.74,1.08,1.78,0.060331,10,27,178,910,1856
3372868164,03/21/2016,7041,5.42,5.42,0.0,0.87,0.64,1.02,0.064366,15,16,102,825,1750
3372868164,03/22/2016,8041,6.12,6.12,0.0,0.0,0.28,0.14,0.043975,2,7,14,1054,1337
3372868164,03/23/2016,8551,5.9,5.9,0.0,0.41,0.28,2.6,0.011367,5,7,260,833,2278
3372868164,03/24/2016,8895,6.62,6.62,0.0,0.47,0.08,2.52,0.051603,7,2,252,712,2435
3372868164,03/26/2016,7128,5.31,5.31,0.0,1.19,0.12,2.48,0.05157,17,3,248,975,1889
3372868164,03/27/2016,6951,5.3,5.3,0.0,0.87,0.36,1.42,0.099675,5,9,142,1172,1989
3372868164,03/28/2016,10924,8.18,8.18,0.0,0.0,0.24,1.79,0.08491,0,6,179,1085,2116
3372868164,03/29/2016,8197,6.17,6.17,0.0,0.0,0.16,2.0,0.027871,1,4,200,1087,1830
3372868164,03/30/2016,9318,6.81,6.81,0.0,0.34,0.76,2.11,0.096682,7,19,211,894,2046
3372868164,03/31/2016,8873,6.84,6.84,0.0,2.68,1.04,1.1,0.025336,28,26,110,1157,1775
3372868164,04/01/2016,14783,11.53,11.53,0.0,0.73,0.04,1.7,0.087648,6,1,170,1116,1954
3372868164,04/02/2016,11124,8.68,8.68,0.0,0.44,1.16,2.89,0.085529,2,29,289,923,2161
3372868164,04/04/2016,9530,7.2,7.2,0.0,1.67,0.68,1.99,0.024276,22,17,199,1202,2334
3372868164,04/05/2016,7080,5.15,5.15,0.0,0.27,1.28,2.17,0.045307,3,32,217,952,1836
3372868164,04/06/2016,6807,5.38,5.38,0.0,0.5,0.04,1.95,0.075454,8,1,195,1045,1875
3372868164,04/07/2016,12669,9.98,9.98,0.0,0.5,2.76,0.91,0.047363,6,69,91,1169,2031
3372868164,04/08/2016,4603,3.46,3.46,0.0,0.51,0.08,2.3,0.004462,3,2,230,1105,2127
3372868164,04/09/2016,11772,9.06,9.06,0.0,0.44,0.4,2.22,0.061008,3,10,222,1090,1767
3372868164,04/10/2016,11162,8.16,8.16,0.0,0.33,1.28,1.62,0.091267,4,32,162,750,1886
3372868164,04/11/2016,4026,3.45,3.45,0.0,0.38,0.0,1.2,0.034451,4,0,120,1118,1789
3977333714,03/12/2016,9838,7.42,7.42,0.0,0.0,1.0,2.24,0.03409,0,25,224,817,2054
3977333714,03/13/2016,6907,5.23,5.23,0.0,0.91,0.76,1.71,0.04723,7,19,171,961,1803
3977333714,03/14/2016,10622,8.18,8.18,0.0,0.09,0.0,1.39,0.002862,0,0,139,966,2125
3977333714,03/15/2016,10309,7.54,7.54,0.0,0.0,0.72,2.31,0.050276,3,18,231,888,1891
3977333714,03/16/2016,9961,7.39,7.39,0.0,0.39,0.0,2.52,0.053004,4,0,252,865,2011
3977333714,03/17/2016,14004,10.75,10.75,0.0,2.63,0.32,1.7,0.004804,28,8,170,1105,1978
3977333714,03/18/2016,9510,7.36,7.36,0.0,0.46,0.72,1.25,0.092686,3,18,125,867,1713
3977333714,03/19/2016,4894,3.48,3.48,0.0,0.8,0.24,0.89,0.085942,12,6,89,1017,1699
3977333714,03/20/2016,9519,7.55,7.55,0.0,2.55,0.0,1.57,0.01314,32,0,157,743,2028
3977333714,03/21/2016,6863,5.48,5.48,0.0,0.25,0.2,2.52,0.022512,8,5,252,973,2278
3977333714,03/22/2016,10963,8.55,8.55,0.0,0.0,0.2,2.18,0.017132,0,5,218,818,1870
3977333714,03/23/2016,5719,4.28,4.28,0.0,0.95,0.12,2.87,0.081726,8,3,287,914,2197
3977333714,03/24/2016,9049,7.24,7.24,0.0,0.33,0.24,2.56,0.080696,6,6,256,938,2161
3977333714,03/25/2016,10935,8.11,8.11,0.0,4.88,0.0,1.46,0.060722,62,0,146,1140,1878
3977333714,03/26/2016,8131,6.23,6.23,0.0,0.34,0.04,1.81,0.086655,7,1,181,836,1845
3977333714,03/27/2016,8136,6.6,6.6,0.0,0.88,0.8,2.11,0.047512,10,20,211,983,2172
3977333714,03/28/2016,10470,7.96,7.96,0.0,0.45,0.12,2.25,0.013527,7,3,225,1035,1850
3977333714,03/29/2016,7777,5.94,5.94,0.0,0.0,0.64,1.73,0.012564,1,16,173,1044,1683
3977333714,03/30/2016,9366,7.04,7.04,0.0,0.0,0.0,2.48,0.007049,0,0,248,1095,1990
3977333714,03/31/2016,7090,5.4,5.4,0.0,0.91,0.12,2.37,0.061962,15,3,237,951,2033
3977333714,04/01/2016,7906,6.06,6.06,0.0,2.27,0.24,1.79,0.097323,25,6,179,835,2052
3977333714,04/03/2016,11737,8.93,8.93,0.0,3.79,1.12,1.96,0.071892,43,28,196,839,2244
3977333714,04/04/2016,10854,8.17,8.17,0.0,0.25,0.48,2.18,0.013645,0,12,218,1179,2007
3977333714,04/05/2016,9214,7.07,7.07,0.0,4.0,0.52,1.93,0.094337,46,13,193,1030,2344
3977333714,04/06/2016,8087,6.26,6.26,0.0,0.75,0.88,1.32,0.08462,11,22,132,997,1823
3977333714,04/07/2016,6238,5.18,5.18,0.0,0.0,0.24,1.85,0.090058,1,6,185,1055,1843
3977333714,04/08/2016,10551,8.06,8.06,0.0,0.0,0.04,1.04,0.099704,1,1,104,990,1597
3977333714,04/09/2016,8723,6.32,6.32,0.0,1.73,0.08,1.7,0.077649,21,2,170,977,2017
3977333714,04/11/2016,10698,8.17,8.17,0.0,0.17,0.4,1.44,0.054806,1,10,144,1285,1700
4020332650,03/12/2016,6743,5.11,5.11,0.0,1.11,1.36,1.08,0.028048,15,34,108,1220,2071
4020332650,03/13/2016,9176,7.12,7.12,0.0,0.0,0.44,2.24,0.014154,2,11,224,969,2134
4020332650,03/15/2016,6623,4.79,4.79,0.0,0.25,0.92,1.45,0.018062,4,23,145,761,1794
4020332650,03/16/2016,10533,8.37,8.37,0.0,3.88,0.08,2.44,0.004775,46,2,244,989,2272
4020332650,03/17/2016,3165,2.3,2.3,0.0,0.0,0.16,2.95,0.082407,0,4,295,559,2021
4020332650,03/18/2016,7695,6.27,6.27,0.0,0.26,1.4,0.95,0.089597,0,35,95,1163,1757
4020332650,03/19/2016,14059,10.51,10.51,0.0,1.26,0.84,1.09,0.012043,8,21,109,722,1758
4020332650,03/20/2016,10168,7.85,7.85,0.0,3.36,0.48,1.43,0.035864,41,12,143,847,2152
4020332650,03/21/2016,7301,5.63,5.63,0.0,0.04,0.2,1.61,0.069096,2,5,161,855,1596
4020332650,03/22/2016,7108,4.94,4.94,0.0,1.64,0.32,1.82,0.048953,19,8,182,935,2296
4020332650,03/23/2016,10393,8.2,8.2,0.0,5.43,1.6,2.02,0.024926,72,40,202,870,2309
4020332650,03/24/2016,6879,5.22,5.22,0.0,2.44,0.24,1.97,0.067539,32,6,197,856,2125
4020332650,03/25/2016,8938,6.41,6.41,0.0,0.0,0.6,1.83,0.09531,1,15,183,801,2045
4020332650,03/26/2016,6176,4.49,4.49,0.0,1.32,1.4,1.23,0.016941,19,35,123,976,2146
4020332650,03/27/2016,7571,5.79,5.79,0.0,0.0,0.08,1.7,0.00565,0,2,170,1037,1967
4020332650,03/28/2016,8558,6.02,6.02,0.0,0.86,0.68,1.81,0.061457,10,17,181,732,1743
4020332650,03/29/2016,4333,3.2,3.2,0.0,2.97,0.76,2.2,0.02369,32,19,220,1021,2137
4020332650,03/31/2016,7696,5.85,5.85,0.0,1.8,0.96,1.55,0.018124,20,24,155,1037,2069
4020332650,04/01/2016,7645,6.07,6.07,0.0,0.6,0.6,1.32,0.012444,8,15,132,800,1901
4020332650,04/02/2016,8511,6.59,6.59,0.0,0.47,0.72,1.77,0.053391,6,18,177,868,2114
4020332650,04/03/2016,7188,5.36,5.36,0.0,4.72,0.12,1.36,0.046275,60,3,136,843,2206
4020332650,04/04/2016,6510,5.17,5.17,0.0,0.28,0.04,1.26,0.0184,1,1,126,1026,1786
4020332650,04/05/2016,7731,5.98,5.98,0.0,0.39,0.32,1.78,0.072603,7,8,178,922,2150
4020332650,04/06/2016,8651,6.87,6.87,0.0,1.14,0.44,2.27,0.021561,11,11,227,599,2165
4020332650,04/07/2016,4271,3.64,3.64,0.0,2.94,1.2,2.32,0.040902,37,30,232,1006,2528
4020332650,04/08/2016,8024,5.87,5.87,0.0,1.75,0.04,2.63,0.09316,21,1,263,861,2003
4020332650,04/09/2016,9717,7.76,7.76,0.0,0.13,1.72,1.51,0.094435,1,43,151,1080,2054
4020332650,04/10/2016,7340,5.02,5.02,0.0,0.32,0.64,2.51,0.020961,5,16,251,809,2083
4020332650,04/11/2016,1144,0.9,0.9,0.0,0.15,0.16,1.92,0.057747,4,4,192,750,2024
4057192912,03/12/2016,7239,5.48,5.48,0.0,0.0,2.32,1.84,0.087422,0,58,184,1198,2072
4057192912,03/13/2016,2860,2.31,2.31,0.0,1.9,0.4,1.17,0.074568,22,10,117,1094,1736
4057192912,03/14/2016,10804,7.46,7.46,0.0,0.15,0.4,2.31,0.036343,0,10,231,837,1836
4057192912,03/15/2016,9423,7.04,7.04,0.0,1.97,0.52,1.64,0.040567,23,13,164,1240,2122
4057192912,03/16/2016,9633,7.53,7.53,0.0,0.67,0.48,1.78,0.010339,11,12,178,964,2321
4057192912,03/17/2016,2590,1.5,1.5,0.0,1.23,0.56,1.82,0.096926,15,14,182,1229,1973
4057192912,03/19/2016,11526,8.32,8.32,0.0,2.2,0.04,1.35,0.021366,27,1,135,1166,2007
4057192912,03/20/2016,5014,3.8,3.8,0.0,0.93,0.88,1.59,0.029377,9,22,159,1232,1854
4057192912,03/21/2016,3347,2.91,2.91,0.0,0.66,1.2,2.49,0.031445,9,30,249,1017,1947
4057192912,03/22/2016,11693,9.04,9.04,0.0,0.37,0.4,1.78,0.098404,3,10,178,1249,2019
4057192912,03/23/2016,10047,7.64,7.64,0.0,2.01,0.28,1.94,0.003715,25,7,194,1071,2074
4057192912,03/24/2016,11746,8.64,8.64,0.0,1.06,0.36,2.88,0.06647,14,9,288,1129,2318
4057192912,03/25/2016,10200,7.84,7.84,0.0,0.22,0.28,1.11,0.029086,5,7,111,1257,1695
4057192912,03/26/2016,9337,7.04,7.04,0.0,0.0,0.0,2.72,0.041195,0,0,272,1042,2226
4057192912,03/27/2016,10335,7.8,7.8,0.0,1.41,0.96,2.27,0.088298,13,24,227,1176,1970
4057192912,03/28/2016,4774,4.03,4.03,0.0,2.86,0.68,1.27,0.068757,34,17,127,1138,1993
4057192912,03/29/2016,8080,5.62,5.62,0.0,3.19,2.72,2.38,0.021936,39,68,238,1095,2663
4057192912,03/30/2016,6443,5.35,5.35,0.0,0.02,2.4,1.25,0.024131,1,60,125,1231,2246
4057192912,03/31/2016,7803,5.84,5.84,0.0,1.81,3.56,1.23,0.094701,24,89,123,1153,2197
4057192912,04/01/2016,4153,2.6,2.6,0.0,3.14,0.8,1.55,0.069183,39,20,155,1226,2455
4057192912,04/02/2016,7795,5.88,5.88,0.0,1.96,0.12,1.78,0.073752,26,3,178,946,1920
4057192912,04/03/2016,12163,9.22,9.22,0.0,0.45,0.0,2.34,0.088571,9,0,234,1159,1976
4057192912,04/04/2016,8165,6.19,6.19,0.0,0.12,0.32,1.75,0.039533,0,8,175,1257,1877
4057192912,04/05/2016,12175,9.6,9.6,0.0,0.24,0.16,1.3,0.04714,0,4,130,1306,1797
4057192912,04/06/2016,7002,5.46,5.46,0.0,0.0,0.16,1.72,0.053748,0,4,172,1018,1808
4057192912,04/07/2016,7357,5.37,5.37,0.0,0.87,2.08,2.05,0.019482,8,52,205,1175,2045
4057192912,04/08/2016,6565,4.63,4.63,0.0,0.0,0.04,1.78,0.061114,0,1,178,1101,1839
4057192912,04/09/2016,6329,4.21,4.21,0.0,1.74,0.24,2.1,0.032512,21,6,210,1203,1983
4057192912,04/10/2016,9227,6.76,6.76,0.0,0.42,0.24,1.96,0.096986,7,6,196,1231,1483
4057192912,04/11/2016,8258,6.09,6.09,0.0,0.3,0.68,1.18,0.098309,5,17,118,1121,2106
4319703577,03/13/2016,8524,6.3,6.3,0.0,3.43,0.56,1.73,0.072714,43,14,173,845,2368
4319703577,03/14/2016,15159,11.86,11.86,0.0,1.9,0.84,2.32,0.009097,20,21,232,934,1976
4319703577,03/15/2016,11035,8.22,8.22,0.0,1.75,0.12,1.55,0.038348,25,3,155,1008,1829
4319703577,03/17/2016,8983,7.21,7.21,0.0,0.44,0.12,1.29,0.015115,2,3,129,668,1877
4319703577,03/18/2016,7578,5.4,5.4,0.0,0.54,0.8,2.69,0.001927,7,20,269,1144,1961
4319703577,03/19/2016,9516,6.67,6.67,0.0,2.33,0.24,2.57,0.040295,27,6,257,876,2165
4319703577,03/20/2016,11753,8.83,8.83,0.0,1.9,0.08,1.89,0.035577,21,2,189,1048,2225
4319703577,03/21/2016,6297,4.88,4.88,0.0,0.59,1.84,2.16,0.04726,6,46,216,714,2188
4319703577,03/22/2016,12900,9.62,9.62,0.0,7.48,0.12,1.99,0.059004,92,3,199,1084,2663
4319703577,03/23/2016,11791,8.71,8.71,0.0,0.14,0.32,1.4,0.084207,0,8,140,1151,1676
4319703577,03/24/2016,4741,3.9,3.9,0.0,1.9,0.64,2.8,0.032143,23,16,280,898,2496
4319703577,03/25/2016,5562,4.27,4.27,0.0,2.08,2.24,1.63,0.030453,26,56,163,819,1954
4319703577,03/27/2016,12713,9.71,9.71,0.0,0.93,0.48,2.48,0.050584,14,12,248,964,2135
4319703577,03/28/2016,10632,8.24,8.24,0.0,0.14,0.76,1.88,0.031402,3,19,188,1007,1865
4319703577,03/29/2016,10144,7.89,7.89,0.0,1.32,0.44,1.92,0.098991,18,11,192,809,2157
4319703577,03/30/2016,7637,5.94,5.94,0.0,2.61,0.08,0.89,0.020795,36,2,89,1205,1887
4319703577,03/31/2016,8877,6.92,6.92,0.0,0.57,0.32,2.13,0.091024,8,8,213,1211,2032
4319703577,04/01/2016,11072,8.91,8.91,0.0,0.08,1.6,1.95,0.0846,4,40,195,968,1962
4319703577,04/02/2016,12072,9.31,9.31,0.0,2.56,0.76,2.02,0.040644,32,19,202,1073,2279
4319703577,04/03/2016,10302,7.9,7.9,0.0,0.69,0.04,3.11,0.040674,12,1,311,944,2399
4319703577,04/04/2016,9921,7.73,7.73,0.0,0.38,0.72,1.85,0.059721,5,18,185,862,1787
4319703577,04/05/2016,7373,5.76,5.76,0.0,1.11,0.56,1.98,0.073883,8,14,198,933,2223
4319703577,04/06/2016,11421,9.0,9.0,0.0,0.0,0.04,1.51,0.00368,1,1,151,911,1843
4319703577,04/07/2016,8412,6.62,6.62,0.0,1.4,0.4,2.84,0.09173,16,10,284,1130,2269
4319703577,04/08/2016,10896,8.62,8.62,0.0,0.56,1.0,2.07,0.060431,7,25,207,1201,2107
4319703577,04/09/2016,8726,6.08,6.08,0.0,3.1,0.48,0.73,0.099272,42,12,73,985,2093
4319703577,04/10/2016,11009,8.17,8.17,0.0,0.0,0.32,1.46,0.046679,1,8,146,1061,1631
4319703577,04/11/2016,9133,6.73,6.73,0.0,0.02,1.04,1.8,0.069353,5,26,180,968,2071
4388161847,03/12/2016,2762,2.38,2.38,0.0,0.23,0.28,3.16,0.040814,3,7,316,1078,2022
4388161847,03/13/2016,8254,6.23,6.23,0.0,0.23,0.56,1.66,0.065133,5,14,166,725,1878
4388161847,03/14/2016,4958,3.66,3.66,0.0,1.07,1.28,1.65,0.043327,12,32,165,841,2048
4388161847,03/15/2016,7014,5.56,5.56,0.0,0.28,1.16,1.61,0.061102,4,29,161,1209,1907
4388161847,03/16/2016,5903,4.42,4.42,0.0,3.07,0.16,1.35,0.047161,42,4,135,837,2305
4388161847,03/17/2016,1864,1.81,1.81,0.0,1.78,1.24,1.84,0.036409,24,31,184,1052,2102
4388161847,03/18/2016,5907,4.1,4.1,0.0,0.51,0.6,1.67,0.074928,0,15,167,1014,1848
4388161847,03/19/2016,5893,4.6,4.6,0.0,0.47,1.0,1.67,0.048307,7,25,167,1095,2228
4388161847,03/20/2016,196,0.35,0.35,0.0,0.13,0.04,1.73,0.050717,1,1,173,801,1914
4388161847,03/21/2016,3202,2.91,2.91,0.0,0.4,0.48,1.4,0.007125,4,12,140,910,1803
4388161847,03/22/2016,3723,2.97,2.97,0.0,0.11,1.4,2.04,0.081862,3,35,204,1198,2232
4388161847,03/23/2016,6752,5.33,5.33,0.0,1.18,0.36,2.73,0.067703,14,9,273,1143,2273
4388161847,03/24/2016,9782,7.33,7.33,0.0,0.63,0.2,0.8,0.071405,6,5,80,1110,1992
4388161847,03/25/2016,2225,1.98,1.98,0.0,0.89,0.8,1.4,0.079062,14,20,140,1143,2064
4388161847,03/26/2016,5678,4.78,4.78,0.0,0.18,0.12,2.0,0.071117,3,3,200,1176,1958
4388161847,03/27/2016,4014,3.19,3.19,0.0,0.55,0.76,2.3,0.094224,5,19,230,993,2216
4388161847,03/29/2016,1790,0.86,0.86,0.0,0.53,0.8,2.56,0.054638,8,20,256,1156,2154
4388161847,03/30/2016,3939,3.23,3.23,0.0,0.39,0.68,1.74,0.070301,0,17,174,1085,1877
4388161847,03/31/2016,2070,1.71,1.71,0.0,1.02,1.24,0.92,0.017254,14,31,92,877,1945
4388161847,04/01/2016,5993,4.61,4.61,0.0,0.83,0.28,1.54,0.082592,14,7,154,1123,1955
4388161847,04/02/2016,4883,3.89,3.89,0.0,0.84,0.44,1.24,0.097062,12,11,124,948,2042
4388161847,04/03/2016,558,0.56,0.56,0.0,1.2,0.48,2.58,0.000184,15,12,258,964,2262
4388161847,04/04/2016,1942,1.43,1.43,0.0,0.97,0.16,1.71,0.004083,11,4,171,871,1953
4388161847,04/05/2016,2257,1.71,1.71,0.0,0.96,1.24,0.52,0.093111,6,31,52,928,1731
4388161847,04/06/2016,5707,4.28,4.28,0.0,2.88,0.6,0.52,0.06619,34,15,52,1193,2140
4388161847,04/07/2016,8008,6.47,6.47,0.0,2.56,0.72,2.19,0.033646,31,18,219,1172,2442
4388161847,04/08/2016,5688,3.83,3.83,0.0,0.33,1.24,2.23,0.089985,1,31,223,982,2143
4388161847,04/09/2016,6059,4.9,4.9,0.0,0.29,0.76,1.95,0.025055,4,19,195,1089,1963
4388161847,04/10/2016,7743,6.05,6.05,0.0,0.0,0.08,2.55,0.091529,0,2,255,1154,1960
4388161847,04/11/2016,6140,4.69,4.69,0.0,1.53,0.88,1.38,0.018707,15,22,138,1204,1785
4445114986,03/12/2016,7964,6.49,6.49,0.0,1.06,0.12,2.04,0.047868,12,3,204,858,1783
4445114986,03/13/2016,8947,6.52,6.52,0.0,0.02,0.12,2.69,0.036057,1,3,269,1167,2073
4445114986,03/14/2016,10109,7.73,7.73,0.0,0.54,0.16,1.12,0.036597,4,4,112,818,1857
4445114986,03/15/2016,10328,7.87,7.87,0.0,2.31,0.6,0.98,0.089624,29,15,98,1018,1773
4445114986,03/16/2016,8510,6.33,6.33,0.0,0.2,0.12,2.45,0.091204,0,3,245,702,1935
4445114986,03/17/2016,7506,5.81,5.81,0.0,2.63,1.12,1.36,0.024064,37,28,136,876,2078
4445114986,03/18/2016,8984,6.86,6.86,0.0,1.79,2.28,1.18,0.083957,25,57,118,943,2396
4445114986,03/19/2016,9305,6.42,6.42,0.0,1.26,0.6,1.23,0.003989,12,15,123,589,1801
4445114986,03/20/2016,8161,6.51,6.51,0.0,0.75,0.48,2.57,0.013197,10,12,257,988,2007
4445114986,03/21/2016,10453,8.1,8.1,0.0,1.15,0.44,1.96,0.09568,16,11,196,593,1816
4445114986,03/22/2016,8201,6.51,6.51,0.0,0.46,0.2,1.57,0.080071,4,5,157,1050,1736
4445114986,03/23/2016,5888,4.41,4.41,0.0,0.78,0.0,2.2,0.057566,10,0,220,679,1786
4445114986,03/24/2016,11314,8.65,8.65,0.0,0.6,1.0,2.2,0.055927,9,25,220,918,2172
4445114986,03/25/2016,8300,6.16,6.16,0.0,0.76,1.08,0.0,0.00095,8,27,0,1084,1673
4445114986,03/26/2016,7672,6.02,6.02,0.0,0.0,0.8,2.11,0.032435,0,20,211,913,1628
4445114986,03/27/2016,8111,6.07,6.07,0.0,1.15,0.16,2.48,0.003266,14,4,248,897,2041
4445114986,03/28/2016,11246,8.08,8.08,0.0,2.31,0.28,2.33,0.086379,27,7,233,661,2261
4445114986,03/29/2016,4456,2.88,2.88,0.0,0.66,0.16,1.49,0.06238,4,4,149,956,1682
4445114986,03/31/2016,9473,7.83,7.83,0.0,2.56,0.0,1.22,0.094359,32,0,122,882,2130
4445114986,04/01/2016,9260,7.07,7.07,0.0,0.79,0.36,1.17,0.044541,9,9,117,689,1761
4445114986,04/02/2016,6877,4.9,4.9,0.0,1.33,0.12,1.82,0.08584,16,3,182,852,2037
4445114986,04/03/2016,7747,6.07,6.07,0.0,0.62,0.12,1.08,0.027302,8,3,108,940,1353
4445114986,04/04/2016,7288,4.92,4.92,0.0,0.28,0.32,3.19,0.015588,9,8,319,675,2136
4445114986,04/05/2016,13135,9.61,9.61,0.0,0.53,0.12,2.76,0.078524,6,3,276,883,2125
4445114986,04/06/2016,6483,4.67,4.67,0.0,1.62,1.04,0.34,0.094623,22,26,34,794,2014
4445114986,04/07/2016,9888,7.22,7.22,0.0,1.38,1.8,1.71,0.055914,20,45,171,885,2344
4445114986,04/08/2016,6909,4.94,4.94,0.0,1.45,0.44,1.52,0.056888,14,11,152,944,1896
4445114986,04/09/2016,11051,8.29,8.29,0.0,2.01,0.32,1.18,0.000785,22,8,118,890,2044
4445114986,04/10/2016,12028,9.62,9.62,0.0,3.27,1.36,2.44,0.0943,41,34,244,715,2370
4445114986,04/11/2016,9836,7.65,7.65,0.0,2.25,0.08,2.11,0.069642,29,2,211,935,2081
4558609924,03/12/2016,5779,4.54,4.54,0.0,0.43,2.48,1.85,0.082054,3,62,185,969,2188
4558609924,03/13/2016,5928,4.32,4.32,0.0,2.12,0.0,2.22,0.053782,22,0,222,913,2023
4558609924,03/14/2016,3596,2.74,2.74,0.0,1.61,0.36,1.7,0.017919,23,9,170,849,2057
4558609924,03/15/2016,6072,4.74,4.74,0.0,0.69,0.0,1.42,0.036916,10,0,142,982,1983
4558609924,03/16/2016,6446,4.4,4.4,0.0,2.99,0.68,2.04,0.048572,36,17,204,1075,2217
4558609924,03/17/2016,3564,2.71,2.71,0.0,2.03,0.12,1.74,0.000973,30,3,174,861,2076
4558609924,03/18/2016,1742,1.27,1.27,0.0,0.74,0.36,2.05,0.016339,5,9,205,1111,2113
4558609924,03/19/2016,8868,6.7,6.7,0.0,2.62,0.12,2.56,0.003368,31,3,256,878,2027
4558609924,03/20/2016,2591,1.52,1.52,0.0,2.52,0.48,1.82,0.08271,29,12,182,919,2132
4558609924,03/21/2016,7222,5.77,5.77,0.0,2.27,0.44,2.06,0.090345,31,11,206,1069,2322
4558609924,03/22/2016,28,0.29,0.29,0.0,0.64,0.28,1.69,0.046592,11,7,169,823,1854
4558609924,03/25/2016,6663,4.94,4.94,0.0,0.32,0.68,1.29,0.086446,3,17,129,1094,1923
4558609924,03/27/2016,7273,5.15,5.15,0.0,0.23,0.4,0.73,0.097648,3,10,73,899,1760
4558609924,03/28/2016,1715,0.94,0.94,0.0,3.35,1.8,2.43,0.087647,42,45,243,1110,2539
4558609924,03/29/2016,2368,1.78,1.78,0.0,0.93,0.08,1.35,0.065405,11,2,135,1270,1896
4558609924,03/30/2016,0,0.0,0.0,0.0,0.4,0.04,1.97,0.099962,0,1,197,872,1838
4558609924,03/31/2016,6169,4.17,4.17,0.0,4.51,1.92,1.97,0.092432,53,48,197,989,2544
4558609924,04/01/2016,6849,5.04,5.04,0.0,3.36,1.28,2.79,0.057072,45,32,279,677,2685
4558609924,04/03/2016,2227,2.35,2.35,0.0,0.92,0.24,1.32,0.075487,14,6,132,1115,1622
4558609924,04/04/2016,6571,4.76,4.76,0.0,1.52,0.68,2.46,0.061377,19,17,246,1038,2145
4558609924,04/05/2016,3732,2.61,2.61,0.0,0.34,2.32,1.94,0.078446,5,58,194,1137,2168
4558609924,04/06/2016,3540,2.46,2.46,0.0,0.41,0.68,1.73,0.093572,1,17,173,717,1824
4558609924,04/07/2016,3851,2.83,2.83,0.0,0.22,0.04,1.24,0.018559,2,1,124,1025,1847
4558609924,04/08/2016,5717,4.35,4.35,0.0,0.27,0.4,2.17,0.094191,2,10,217,624,1982
4558609924,04/09/2016,7803,5.84,5.84,0.0,0.68,1.6,2.4,0.085932,8,40,240,944,2256
4558609924,04/10/2016,5320,4.77,4.77,0.0,1.34,0.08,2.31,0.086854,17,2,231,1067,2034
4558609924,04/11/2016,2867,2.21,2.21,0.0,0.64,0.24,2.16,0.088199,7,6,216,808,2030
4702921684,03/12/2016,12473,9.58,9.58,0.0,0.2,0.88,2.63,0.07089,6,22,263,1076,2417
4702921684,03/13/2016,4981,3.54,3.54,0.0,1.64,0.32,0.79,0.043797,21,8,79,887,1593
4702921684,03/14/2016,5297,4.23,4.23,0.0,3.85,0.0,1.8,0.042884,44,0,180,1120,2200
4702921684,03/15/2016,7374,5.95,5.95,0.0,0.67,0.12,1.92,0.071456,7,3,192,977,1911
4702921684,03/16/2016,12662,9.79,9.79,0.0,1.32,0.28,2.11,0.062728,16,7,211,1206,2122
4702921684,03/17/2016,8242,5.84,5.84,0.0,0.09,0.0,2.36,0.083889,0,0,236,945,1775
4702921684,03/18/2016,9513,6.85,6.85,0.0,1.68,0.64,2.24,0.006925,18,16,224,1145,2095
4702921684,03/19/2016,7916,5.85,5.85,0.0,1.97,1.36,0.66,0.085406,26,34,66,963,2180
4702921684,03/20/2016,7617,5.77,5.77,0.0,0.15,0.88,3.18,0.07928,3,22,318,935,2111
4702921684,03/21/2016,4090,3.38,3.38,0.0,0.0,1.08,0.76,0.054358,0,27,76,1206,1413
4702921684,03/22/2016,4356,3.53,3.53,0.0,0.93,0.56,1.26,0.065023,12,14,126,895,1928
4702921684,03/23/2016,12868,9.09,9.09,0.0,0.0,0.68,2.9,0.062177,2,17,290,957,2165
4702921684,03/24/2016,11568,8.83,8.83,0.0,1.56,0.16,0.56,0.076443,23,4,56,909,1830
4702921684,03/25/2016,3842,3.27,3.27,0.0,0.06,0.28,0.55,0.035542,4,7,55,957,1562
4702921684,03/26/2016,11877,9.12,9.12,0.0,0.07,1.2,2.16,0.076031,0,30,216,999,2235
4702921684,03/27/2016,7262,5.43,5.43,0.0,0.12,0.2,0.43,0.086749,2,5,43,942,1761
4702921684,03/28/2016,7832,6.03,6.03,0.0,0.96,0.92,3.0,0.085634,14,23,300,866,2396
4702921684,03/29/2016,10518,7.81,7.81,0.0,0.51,1.32,1.42,0.014162,3,33,142,1262,1953
4702921684,03/30/2016,12459,9.4,9.4,0.0,1.65,0.08,2.13,0.043745,20,2,213,972,2078
4702921684,03/31/2016,8192,6.14,6.14,0.0,2.71,0.12,0.98,0.035333,32,3,98,857,1884
4702921684,04/01/2016,8740,6.91,6.91,0.0,0.65,0.12,1.58,0.083172,9,3,158,1110,1696
4702921684,04/02/2016,5190,4.07,4.07,0.0,0.38,0.84,1.85,0.07503,6,21,185,1040,1899
4702921684,04/03/2016,7633,5.44,5.44,0.0,1.02,0.56,1.56,0.043045,15,14,156,1007,1930
4702921684,04/04/2016,12321,9.24,9.24,0.0,0.56,0.32,2.24,0.01549,3,8,224,758,2090
4702921684,04/06/2016,10805,7.81,7.81,0.0,0.29,1.08,2.45,0.092829,1,27,245,1146,2347
4702921684,04/07/2016,6622,4.92,4.92,0.0,0.4,0.92,2.65,0.091538,1,23,265,992,2107
4702921684,04/08/2016,8352,6.23,6.23,0.0,0.35,0.04,1.85,0.023701,4,1,185,1182,1897
4702921684,04/09/2016,5195,3.94,3.94,0.0,1.08,0.36,1.88,0.066699,15,9,188,850,1915
4702921684,04/10/2016,10879,8.5,8.5,0.0,0.55,0.28,1.29,0.045275,8,7,129,769,1885
4702921684,04/11/2016,8273,6.59,6.59,0.0,2.08,0.28,2.7,0.094882,26,7,270,922,2168
5553957443,03/12/2016,4907,3.36,3.36,0.0,0.79,1.28,2.01,0.025001,7,32,201,720,2224
5553957443,03/13/2016,8524,6.43,6.43,0.0,0.16,0.16,3.18,0.009215,1,4,318,638,2148
5553957443,03/14/2016,9167,7.19,7.19,0.0,1.6,0.12,1.21,0.067657,19,3,121,787,1605
5553957443,03/15/2016,6228,4.25,4.25,0.0,0.52,0.76,1.52,0.044818,5,19,152,559,1896
5553957443,03/16/2016,10340,7.66,7.66,0.0,0.73,0.28,1.68,0.040642,8,7,168,735,1903
5553957443,03/17/2016,11652,9.02,9.02,0.0,3.48,0.2,3.03,0.026125,42,5,303,831,2624
5553957443,03/18/2016,5044,4.02,4.02,0.0,1.64,0.96,2.44,0.05008,21,24,244,1023,2063
5553957443,03/19/2016,8254,6.36,6.36,0.0,1.29,0.64,2.12,0.098697,20,16,212,795,1997
5553957443,03/20/2016,6995,5.46,5.46,0.0,0.61,1.6,1.66,0.054959,3,40,166,875,2028
5553957443,03/21/2016,4683,3.69,3.69,0.0,0.2,1.56,1.81,0.08048,2,39,181,789,2053
5553957443,03/22/2016,8381,6.42,6.42,0.0,0.19,0.24,1.58,0.007273,3,6,158,614,1680
5553957443,03/23/2016,8615,6.41,6.41,0.0,1.57,1.04,1.55,0.077848,18,26,155,1082,2356
5553957443,03/24/2016,1269,0.72,0.72,0.0,0.84,0.2,2.22,0.034795,8,5,222,596,1973
5553957443,03/25/2016,8083,6.32,6.32,0.0,1.44,2.52,1.47,0.013149,14,63,147,898,2009
5553957443,03/27/2016,5861,4.75,4.75,0.0,0.1,0.04,2.11,0.063861,0,1,211,852,1866
5553957443,03/28/2016,6342,4.28,4.28,0.0,1.87,0.04,2.05,0.045205,23,1,205,747,1931
5553957443,03/29/2016,6345,5.34,5.34,0.0,4.49,0.84,2.02,0.019239,55,21,202,736,2321
5553957443,03/30/2016,10112,7.77,7.77,0.0,1.54,0.16,2.73,0.033332,15,4,273,605,2376
5553957443,03/31/2016,6637,4.8,4.8,0.0,0.23,0.2,1.69,0.022649,4,5,169,878,1883
5553957443,04/01/2016,8438,6.41,6.41,0.0,0.04,0.04,2.01,0.029856,0,1,201,682,1794
5553957443,04/02/2016,5461,4.48,4.48,0.0,0.0,0.6,2.73,0.017246,1,15,273,908,2083
5553957443,04/03/2016,7800,5.6,5.6,0.0,1.07,0.96,2.14,0.049386,18,24,214,795,2148
5553957443,04/04/2016,6992,5.56,5.56,0.0,0.08,0.44,0.51,0.057611,6,11,51,649,1748
5553957443,04/05/2016,13319,10.54,10.54,0.0,0.3,1.36,1.49,0.004682,3,34,149,749,2094
5553957443,04/06/2016,7463,5.25,5.25,0.0,3.3,0.2,1.03,0.00408,40,5,103,1067,2146
5553957443,04/07/2016,4390,3.14,3.14,0.0,1.63,0.4,1.66,0.002882,18,10,166,916,2084
5553957443,04/08/2016,4674,3.57,3.57,0.0,0.23,0.04,1.53,0.058687,4,1,153,985,2217
5553957443,04/10/2016,8668,6.85,6.85,0.0,1.83,0.6,1.95,0.056301,21,15,195,631,2064
5553957443,04/11/2016,11589,8.8,8.8,0.0,0.78,0.52,1.55,0.074315,6,13,155,905,1640
5577150313,03/12/2016,5539,3.97,3.97,0.0,1.25,0.24,1.7,0.024555,15,6,170,828,1956
5577150313,03/13/2016,7386,5.84,5.84,0.0,0.0,0.04,2.35,0.008544,0,1,235,748,2052
5577150313,03/14/2016,8230,6.07,6.07,0.0,3.06,0.76,0.87,0.0749,40,19,87,674,1903
5577150313,03/15/2016,4847,3.43,3.43,0.0,0.19,0.8,1.56,0.066646,1,20,156,744,1819
5577150313,03/16/2016,10504,8.0,8.0,0.0,0.07,1.12,0.76,0.058981,2,28,76,823,1844
5577150313,03/17/2016,8338,6.15,6.15,0.0,0.99,0.2,2.95,0.084084,13,5,295,556,2111
5577150313,03/18/2016,15434,11.55,11.55,0.0,0.76,0.4,1.87,0.047823,4,10,187,959,1729
5577150313,03/20/2016,11333,8.55,8.55,0.0,0.41,0.04,0.58,0.024292,6,1,58,901,1640
5577150313,03/21/2016,7542,5.86,5.86,0.0,1.09,0.04,1.47,0.017485,12,1,147,792,1771
5577150313,03/22/2016,6039,4.33,4.33,0.0,0.84,0.08,2.72,0.056816,9,2,272,610,2344
5577150313,03/23/2016,7638,5.9,5.9,0.0,0.21,0.08,2.15,0.062915,7,2,215,826,2104
5577150313,03/24/2016,5133,4.09,4.09,0.0,1.9,0.12,1.99,0.07694,24,3,199,576,1952
5577150313,03/25/2016,5867,4.48,4.48,0.0,2.66,0.12,1.65,0.007869,33,3,165,724,2195
5577150313,03/26/2016,11984,9.62,9.62,0.0,0.0,0.44,1.42,0.043195,1,11,142,979,1800
5577150313,03/27/2016,5547,4.19,4.19,0.0,0.0,0.48,1.16,0.057293,0,12,116,650,1599
5577150313,03/28/2016,3595,2.53,2.53,0.0,1.94,1.4,1.2,0.0253,20,35,120,798,2053
5577150313,03/29/2016,5709,4.74,4.74,0.0,0.22,0.0,1.67,0.076849,2,0,167,1035,1837
5577150313,03/30/2016,6240,4.98,4.98,0.0,0.97,0.08,1.85,0.036662,9,2,185,509,1704
5577150313,03/31/2016,4831,3.59,3.59,0.0,3.36,0.16,2.1,0.088977,43,4,210,832,2381
5577150313,04/01/2016,6232,4.8,4.8,0.0,0.55,0.24,3.0,0.008812,5,6,300,799,2338
5577150313,04/02/2016,4580,3.35,3.35,0.0,0.79,1.48,2.39,0.037032,9,37,239,595,1918
5577150313,04/03/2016,12219,9.16,9.16,0.0,1.59,0.04,1.33,0.046152,20,1,133,539,1923
5577150313,04/05/2016,6373,5.16,5.16,0.0,0.25,0.4,2.68,0.035676,2,10,268,971,1912
5577150313,04/06/2016,5404,4.46,4.46,0.0,0.0,1.4,2.17,0.054212,2,35,217,789,2117
5577150313,04/07/2016,4392,3.15,3.15,0.0,0.62,0.08,1.49,0.040375,9,2,149,531,1870
5577150313,04/08/2016,5998,4.43,4.43,0.0,0.24,0.12,2.31,0.077996,1,3,231,777,2108
5577150313,04/09/2016,9619,7.51,7.51,0.0,1.43,0.12,2.41,0.005817,16,3,241,712,2223
5577150313,04/10/2016,14465,10.46,10.46,0.0,2.53,0.52,2.83,0.065649,33,13,283,1031,2447
5577150313,04/11/2016,6871,4.82,4.82,0.0,0.57,1.56,1.82,0.02097,6,39,182,757,1973
6117666160,03/12/2016,5055,4.03,4.03,0.0,0.17,0.0,1.24,0.016238,1,0,124,1193,1701
6117666160,03/13/2016,8499,7.08,7.08,0.0,0.58,0.6,2.03,0.053242,8,15,203,826,2178
6117666160,03/14/2016,9261,7.12,7.12,0.0,2.07,0.04,1.7,0.098642,27,1,170,1044,1894
6117666160,03/15/2016,11524,9.06,9.06,0.0,1.39,1.52,1.38,0.032343,20,38,138,1140,2024
6117666160,03/16/2016,8940,6.76,6.76,0.0,1.36,0.6,1.54,0.073067,17,15,154,858,2018
6117666160,03/18/2016,8508,6.41,6.41,0.0,0.0,0.72,1.69,0.052034,1,18,169,951,1980
6117666160,03/19/2016,9153,7.36,7.36,0.0,1.94,0.04,2.12,0.030577,23,1,212,1204,1826
6117666160,03/21/2016,11057,8.02,8.02,0.0,0.1,0.32,2.52,0.054108,2,8,252,959,2041
6117666160,03/22/2016,7816,5.51,5.51,0.0,1.63,0.0,1.52,0.080394,25,0,152,841,2264
6117666160,03/23/2016,6384,4.6,4.6,0.0,0.39,0.4,2.37,0.011786,6,10,237,974,2184
6117666160,03/24/2016,9590,7.36,7.36,0.0,1.71,0.6,1.64,0.012638,22,15,164,882,1954
6117666160,03/25/2016,11971,9.48,9.48,0.0,0.0,1.72,1.59,0.051391,0,43,159,1021,2262
6117666160,03/26/2016,9151,6.66,6.66,0.0,3.64,2.04,2.19,0.009371,47,51,219,944,2460
6117666160,03/27/2016,10299,7.31,7.31,0.0,0.09,0.4,2.12,0.024877,6,10,212,1044,2199
6117666160,03/28/2016,8770,6.93,6.93,0.0,3.0,0.48,1.64,0.030317,35,12,164,949,2019
6117666160,03/29/2016,3477,2.97,2.97,0.0,0.51,0.44,0.97,0.012347,11,11,97,772,1913
6117666160,03/30/2016,11111,8.63,8.63,0.0,1.79,0.76,1.71,0.036572,27,19,171,1127,2278
6117666160,03/31/2016,7578,6.33,6.33,0.0,0.13,0.88,2.3,0.047229,1,22,230,1165,2300
6117666160,04/01/2016,7956,5.85,5.85,0.0,1.24,0.56,2.88,0.012198,18,14,288,1056,2157
6117666160,04/03/2016,4708,3.34,3.34,0.0,4.58,1.04,1.99,0.010044,61,26,199,941,2548
6117666160,04/04/2016,11129,8.36,8.36,0.0,0.81,0.08,1.59,0.051067,16,2,159,982,1637
6117666160,04/05/2016,9972,6.89,6.89,0.0,3.56,0.04,2.16,0.005644,40,1,216,1183,2326
6117666160,04/06/2016,2607,2.66,2.66,0.0,0.13,0.6,1.87,0.021154,2,15,187,974,1791
6117666160,04/07/2016,10690,7.29,7.29,0.0,0.29,0.84,2.91,0.018612,4,21,291,993,1994
6117666160,04/08/2016,12579,9.8,9.8,0.0,0.22,0.16,2.55,0.094122,7,4,255,1026,2106
6117666160,04/09/2016,7094,4.97,4.97,0.0,0.0,0.16,1.33,0.057432,3,4,133,895,1648
6117666160,04/10/2016,7744,6.3,6.3,0.0,2.23,1.4,2.16,0.03758,26,35,216,998,2125
6117666160,04/11/2016,5992,4.29,4.29,0.0,0.51,0.68,2.18,0.067575,7,17,218,818,2200
6290855005,03/12/2016,6070,4.15,4.15,0.0,0.0,0.08,0.36,0.069538,0,2,36,1097,1636
6290855005,03/13/2016,11813,9.28,9.28,0.0,0.0,1.88,2.39,0.064822,0,47,239,956,1961
6290855005,03/14/2016,11183,8.65,8.65,0.0,7.38,0.32,2.28,0.066419,91,8,228,1091,2525
6290855005,03/16/2016,4961,3.52,3.52,0.0,3.03,0.48,1.87,0.008918,43,12,187,1003,2287
6290855005,03/17/2016,10115,7.82,7.82,0.0,3.48,0.52,0.91,0.065616,42,13,91,803,2056
6290855005,03/18/2016,12064,9.62,9.62,0.0,1.18,0.76,1.34,0.066425,18,19,134,1036,2158
6290855005,03/19/2016,7338,5.05,5.05,0.0,0.4,1.6,1.49,0.050094,4,40,149,939,1802
6290855005,03/20/2016,6944,5.16,5.16,0.0,0.21,0.24,2.3,0.006316,1,6,230,923,2040
6290855005,03/21/2016,12998,9.86,9.86,0.0,0.77,0.6,1.89,0.091211,7,15,189,778,1975
6290855005,03/22/2016,13394,10.32,10.32,0.0,1.18,0.2,2.13,0.096011,18,5,213,1199,2276
6290855005,03/23/2016,11054,8.07,8.07,0.0,2.18,0.16,2.86,0.002174,24,4,286,1126,2389
6290855005,03/24/2016,8292,6.81,6.81,0.0,0.0,0.08,1.62,0.023797,0,2,162,1128,1710
6290855005,03/25/2016,5553,3.98,3.98,0.0,1.25,0.08,1.92,0.095712,16,2,192,898,1884
6290855005,03/26/2016,9958,7.59,7.59,0.0,1.03,0.96,1.3,0.024381,11,24,130,1275,1828
6290855005,03/27/2016,11761,9.26,9.26,0.0,0.44,0.12,3.04,0.020385,0,3,304,1130,1892
6290855005,03/28/2016,6104,4.68,4.68,0.0,1.0,0.88,2.16,0.071838,13,22,216,885,2187
6290855005,03/29/2016,6995,5.73,5.73,0.0,0.69,0.76,1.8,0.076091,8,19,180,1015,2016
6290855005,03/30/2016,7779,6.18,6.18,0.0,0.09,0.36,2.08,0.036263,5,9,208,936,2095
6290855005,03/31/2016,9531,7.18,7.18,0.0,1.58,0.36,1.68,0.028284,17,9,168,1246,2206
6290855005,04/01/2016,10074,6.95,6.95,0.0,0.13,0.04,1.87,0.098276,1,1,187,1039,1839
6290855005,04/02/2016,9755,6.66,6.66,0.0,1.47,0.52,1.35,0.03534,23,13,135,1152,2422
6290855005,04/03/2016,4329,3.81,3.81,0.0,0.0,1.0,2.01,0.067919,2,25,201,1064,1925
6290855005,04/06/2016,7090,5.55,5.55,0.0,5.7,0.16,1.65,0.047266,72,4,165,1140,2216
6290855005,04/07/2016,6691,5.03,5.03,0.0,0.0,0.16,1.89,0.039832,0,4,189,1081,1780
6290855005,04/08/2016,13774,10.7,10.7,0.0,0.26,0.6,2.41,0.063805,4,15,241,1069,1859
6290855005,04/09/2016,14305,11.22,11.22,0.0,2.19,0.16,3.01,0.080535,24,4,301,1111,2260
6290855005,04/10/2016,9953,7.23,7.23,0.0,0.0,0.6,2.14,0.078684,1,15,214,923,2044
6290855005,04/11/2016,7785,6.02,6.02,0.0,1.82,0.12,1.4,0.088544,23,3,140,1161,2068
6775888955,03/12/2016,7563,5.6,5.6,0.0,0.13,0.76,1.75,0.096424,2,19,175,511,2019
6775888955,03/13/2016,10547,7.74,7.74,0.0,0.85,1.32,1.77,0.024327,12,33,177,568,2321
6775888955,03/14/2016,10471,8.06,8.06,0.0,0.31,0.4,2.52,0.047251,3,10,252,431,1980
6775888955,03/16/2016,10441,8.16,8.16,0.0,1.03,0.28,1.35,0.069858,13,7,135,464,1905
6775888955,03/18/2016,13861,10.88,10.88,0.0,0.38,0.24,1.88,0.054758,6,6,188,1101,1932
6775888955,03/19/2016,9105,7.51,7.51,0.0,0.44,0.64,2.02,0.078107,5,16,202,753,2037
6775888955,03/21/2016,10211,8.06,8.06,0.0,1.71,0.2,1.49,0.067421,22,5,149,893,1838
6775888955,03/22/2016,9675,7.52,7.52,0.0,1.28,0.4,1.89,0.005645,15,10,189,999,1986
6775888955,03/23/2016,12793,9.88,9.88,0.0,1.57,0.08,2.5,0.049129,21,2,250,772,2256
6775888955,03/24/2016,9015,6.75,6.75,0.0,2.09,1.0,0.9,0.016905,28,25,90,854,1562
6775888955,03/25/2016,14286,10.32,10.32,0.0,1.04,0.08,1.75,0.079283,11,2,175,681,2134
6775888955,03/26/2016,14275,10.69,10.69,0.0,2.08,1.92,1.99,0.000981,24,48,199,577,2367
6775888955,03/27/2016,12283,8.98,8.98,0.0,1.23,0.0,1.67,0.051701,15,0,167,604,2067
6775888955,03/28/2016,12011,9.25,9.25,0.0,0.17,0.16,2.72,0.098905,4,4,272,893,1923
6775888955,03/30/2016,6112,4.04,4.04,0.0,0.28,0.0,1.76,0.077692,6,0,176,882,2009
6775888955,03/31/2016,15973,12.06,12.06,0.0,0.27,0.56,2.06,0.070663,3,14,206,899,1923
6775888955,04/01/2016,10835,7.97,7.97,0.0,0.35,0.92,2.27,0.026258,10,23,227,726,2475
6775888955,04/02/2016,9543,7.09,7.09,0.0,0.47,1.2,0.69,0.040579,8,30,69,709,1800
6775888955,04/03/2016,12839,9.54,9.54,0.0,0.42,0.44,2.27,0.040116,2,11,227,688,2049
6775888955,04/04/2016,11990,8.97,8.97,0.0,2.62,0.36,2.48,0.042569,34,9,248,536,2340
6775888955,04/05/2016,8810,6.75,6.75,0.0,0.69,0.04,2.14,0.01812,8,1,214,593,2219
6775888955,04/06/2016,14837,11.37,11.37,0.0,1.1,0.08,1.42,0.045016,17,2,142,786,1898
6775888955,04/07/2016,15496,11.66,11.66,0.0,0.5,3.24,1.46,0.065596,7,81,146,792,2012
6775888955,04/08/2016,13637,10.91,10.91,0.0,0.39,0.92,2.57,0.075487,2,23,257,717,2154
6775888955,04/09/2016,9056,7.69,7.69,0.0,0.13,2.0,1.95,0.040799,0,50,195,635,1906
6775888955,04/10/2016,7730,5.91,5.91,0.0,0.65,0.0,1.0,0.028441,9,0,100,622,1825
6775888955,04/11/2016,11670,8.89,8.89,0.0,3.24,0.36,2.34,0.073812,43,9,234,533,2573
6962181067,03/12/2016,13271,10.43,10.43,0.0,1.05,1.32,1.76,0.047998,12,33,176,1143,1949
6962181067,03/13/2016,12676,9.67,9.67,0.0,1.64,0.32,1.95,0.03844,18,8,195,1192,1821
6962181067,03/14/2016,16333,12.76,12.76,0.0,0.41,0.16,2.1,0.006643,3,4,210,875,1755
6962181067,03/15/2016,10375,7.62,7.62,0.0,0.0,0.12,1.29,0.02844,0,3,129,972,1464
6962181067,03/16/2016,14492,10.9,10.9,0.0,0.34,1.84,1.96,0.027277,5,46,196,939,2026
6962181067,03/17/2016,15405,12.57,12.57,0.0,0.96,0.0,0.64,0.00949,7,0,64,1079,1242
6962181067,03/18/2016,15224,12.31,12.31,0.0,1.25,1.12,1.86,0.095466,13,28,186,1086,2001
6962181067,03/19/2016,12166,9.28,9.28,0.0,0.92,0.16,1.18,0.006526,9,4,118,1027,1654
6962181067,03/20/2016,13598,10.21,10.21,0.0,1.18,0.48,0.74,0.082447,13,12,74,1107,1474
6962181067,03/21/2016,13380,10.13,10.13,0.0,0.0,1.28,1.94,0.064268,1,32,194,984,1988
6962181067,03/22/2016,13525,9.86,9.86,0.0,0.49,0.48,1.15,0.062666,4,12,115,825,1866
6962181067,03/23/2016,14015,10.4,10.4,0.0,0.27,0.84,2.07,0.021621,4,21,207,943,2053
6962181067,03/24/2016,13436,10.49,10.49,0.0,2.05,0.76,1.47,0.013702,26,19,147,940,1948
6962181067,03/26/2016,12309,9.11,9.11,0.0,1.65,0.12,1.77,0.035402,20,3,177,1115,1985
6962181067,03/27/2016,10398,8.12,8.12,0.0,0.52,0.56,1.54,0.02789,5,14,154,1085,1896
6962181067,03/28/2016,11495,8.97,8.97,0.0,1.39,0.8,2.13,0.089194,15,20,213,941,2137
6962181067,03/29/2016,13417,9.82,9.82,0.0,0.63,0.12,2.72,0.063666,10,3,272,1155,2189
6962181067,03/30/2016,18476,14.33,14.33,0.0,0.11,0.0,2.16,0.038388,4,0,216,1197,2122
6962181067,03/31/2016,14277,10.72,10.72,0.0,1.22,0.6,0.8,0.052927,15,15,80,1068,1696
6962181067,04/01/2016,13443,10.15,10.15,0.0,0.0,0.52,1.83,0.068175,1,13,183,962,1820
6962181067,04/02/2016,13338,10.21,10.21,0.0,2.62,2.16,0.6,0.047715,34,54,60,1076,2199
6962181067,04/03/2016,14552,10.59,10.59,0.0,1.04,2.48,1.72,0.014767,13,62,172,1193,2176
6962181067,04/04/2016,15462,11.34,11.34,0.0,4.42,0.08,1.86,0.013273,53,2,186,1199,2321
6962181067,04/05/2016,10483,7.3,7.3,0.0,1.42,0.0,1.83,0.076081,17,0,183,952,2075
6962181067,04/06/2016,11677,8.81,8.81,0.0,0.4,0.92,1.23,0.010497,2,23,123,1292,2000
6962181067,04/07/2016,11730,8.79,8.79,0.0,1.44,0.32,1.6,0.037624,18,8,160,1254,1666
6962181067,04/08/2016,12346,9.53,9.53,0.0,0.9,0.12,1.79,0.07239,12,3,179,971,1933
6962181067,04/09/2016,11627,9.14,9.14,0.0,0.0,1.48,2.45,0.086773,2,37,245,975,2462
6962181067,04/10/2016,11997,9.55,9.55,0.0,0.07,0.24,2.6,0.005979,0,6,260,1011,1910
7007744171,03/12/2016,6386,4.77,4.77,0.0,0.09,0.32,2.08,0.011029,2,8,208,902,2019
7007744171,03/13/2016,4578,3.41,3.41,0.0,2.14,0.12,1.68,0.054631,23,3,168,512,1797
7007744171,03/14/2016,8848,7.0,7.0,0.0,2.48,0.08,1.73,0.052081,27,2,173,640,2166
7007744171,03/15/2016,7995,6.19,6.19,0.0,1.0,0.2,1.41,0.089487,12,5,141,918,1765
7007744171,03/16/2016,3514,2.37,2.37,0.0,1.69,2.92,1.71,0.007115,22,73,171,546,2378
7007744171,03/17/2016,6841,6.06,6.06,0.0,1.18,0.0,1.31,0.096899,13,0,131,783,1878
7007744171,03/18/2016,7156,5.31,5.31,0.0,1.96,0.08,1.5,0.071512,25,2,150,1000,2014
7007744171,03/19/2016,1831,1.76,1.76,0.0,0.13,0.0,1.73,0.030324,5,0,173,1007,1712
7007744171,03/20/2016,1915,1.4,1.4,0.0,1.03,1.32,2.12,0.060051,14,33,212,897,2113
7007744171,03/21/2016,3127,3.05,3.05,0.0,1.24,0.36,0.74,0.08911,14,9,74,935,1609
7007744171,03/22/2016,6528,5.03,5.03,0.0,0.62,0.8,1.22,0.081401,9,20,122,1142,2073
7007744171,03/23/2016,7412,5.61,5.61,0.0,1.12,0.36,3.52,0.047636,13,9,352,897,2229
7007744171,03/24/2016,5962,4.27,4.27,0.0,2.09,1.88,0.95,0.054301,29,47,95,885,1940
7007744171,03/25/2016,7552,5.65,5.65,0.0,1.08,0.36,1.67,0.024251,20,9,167,957,2157
7007744171,03/26/2016,7557,6.23,6.23,0.0,2.04,0.12,1.8,0.062016,23,3,180,734,2245
7007744171,03/27/2016,6715,5.15,5.15,0.0,0.0,0.28,2.19,0.089807,1,7,219,843,1926
7007744171,03/28/2016,2349,2.05,2.05,0.0,0.0,1.16,1.19,0.024526,1,29,119,1030,1980
7007744171,03/30/2016,8220,6.49,6.49,0.0,6.04,0.68,2.22,0.0055,74,17,222,661,2637
7007744171,03/31/2016,1300,1.05,1.05,0.0,0.63,0.2,1.37,0.032752,11,5,137,913,2091
7007744171,04/01/2016,5368,3.85,3.85,0.0,1.44,0.4,1.55,0.084134,14,10,155,996,1850
7007744171,04/02/2016,10417,8.23,8.23,0.0,0.66,0.04,1.39,0.061372,4,1,139,665,2047
7007744171,04/03/2016,2766,1.8,1.8,0.0,1.0,0.2,2.17,0.075309,10,5,217,879,1628
7007744171,04/04/2016,8550,6.46,6.46,0.0,0.92,0.56,1.43,0.017809,7,14,143,563,2105
7007744171,04/05/2016,7700,5.8,5.8,0.0,1.62,0.04,1.38,0.067954,18,1,138,939,2160
7007744171,04/06/2016,1002,1.19,1.19,0.0,2.5,0.48,1.72,0.043206,29,12,172,946,1989
7007744171,04/07/2016,6900,5.34,5.34,0.0,0.52,1.44,0.0,0.084604,3,36,0,771,1915
7007744171,04/08/2016,9623,7.27,7.27,0.0,1.81,0.4,2.31,0.048804,22,10,231,632,2054
7007744171,04/09/2016,3993,3.27,3.27,0.0,0.0,0.8,2.01,0.052746,1,20,201,1001,2028
7007744171,04/11/2016,8979,7.09,7.09,0.0,0.82,0.2,2.66,0.018266,6,5,266,1101,1944
7086361926,03/12/2016,13991,10.52,10.52,0.0,0.81,0.24,2.35,0.015352,6,6,235,858,1661
7086361926,03/14/2016,9396,7.08,7.08,0.0,0.37,0.12,2.44,0.06466,5,3,244,1024,1919
7086361926,03/15/2016,11391,8.98,8.98,0.0,0.63,0.16,0.82,0.033559,10,4,82,930,1908
7086361926,03/16/2016,9612,7.27,7.27,0.0,0.85,0.24,1.23,0.037728,11,6,123,1204,1911
7086361926,03/17/2016,10127,7.84,7.84,0.0,0.4,0.92,2.2,0.061933,7,23,220,1190,1972
7086361926,03/19/2016,11955,9.45,9.45,0.0,1.25,1.08,1.07,0.089976,19,27,107,1158,2152
7086361926,03/20/2016,7618,6.04,6.04,0.0,0.04,0.08,1.86,0.086776,3,2,186,918,1963
7086361926,03/21/2016,9577,7.2,7.2,0.0,6.18,0.12,2.86,0.018791,80,3,286,1071,2931
7086361926,03/22/2016,5795,4.23,4.23,0.0,2.99,0.56,2.27,0.030413,37,14,227,1162,2285
7086361926,03/23/2016,7649,5.89,5.89,0.0,0.19,0.0,2.41,0.023038,3,0,241,1103,1993
7086361926,03/24/2016,10751,8.49,8.49,0.0,2.75,0.88,2.02,0.068448,31,22,202,1020,2241
7086361926,03/25/2016,9114,6.85,6.85,0.0,0.64,0.44,2.31,0.084664,2,11,231,710,2256
7086361926,03/26/2016,13149,9.99,9.99,0.0,0.48,0.12,2.53,0.022632,6,3,253,720,2131
7086361926,03/28/2016,8707,7.0,7.0,0.0,0.72,0.16,1.68,0.090423,5,4,168,960,2122
7086361926,03/30/2016,7228,5.43,5.43,0.0,2.46,0.04,0.98,0.069575,28,1,98,817,2112
7086361926,03/31/2016,9793,7.52,7.52,0.0,2.32,0.12,2.0,0.02276,28,3,200,1067,2250
7086361926,04/01/2016,5279,3.89,3.89,0.0,0.18,0.12,2.21,0.045739,2,3,221,1114,2063
7086361926,04/02/2016,9862,7.98,7.98,0.0,0.64,0.2,2.53,0.043881,6,5,253,962,2030
7086361926,04/03/2016,8552,6.65,6.65,0.0,0.93,1.4,1.06,0.043365,15,35,106,1036,2105
7086361926,04/05/2016,9607,7.32,7.32,0.0,1.8,0.24,1.15,0.048562,23,6,115,1044,1731
7086361926,04/06/2016,9082,7.26,7.26,0.0,0.57,0.44,1.27,0.055646,6,11,127,1159,1717
7086361926,04/07/2016,11798,9.25,9.25,0.0,0.28,1.48,2.05,0.03668,2,37,205,1096,1967
7086361926,04/08/2016,6061,5.05,5.05,0.0,2.19,0.36,1.78,0.018043,29,9,178,1015,2067
7086361926,04/09/2016,10659,7.26,7.26,0.0,0.23,0.08,3.14,0.099301,7,2,314,1117,2061
7086361926,04/10/2016,7480,5.76,5.76,0.0,2.79,0.68,1.37,0.031281,34,17,137,1068,1984
7086361926,04/11/2016,2833,2.42,2.42,0.0,0.89,1.12,3.0,0.059251,11,28,300,1072,2210
8053475328,03/12/2016,1269,0.63,0.63,0.0,1.84,0.36,1.99,0.039728,20,9,199,801,2157
8053475328,03/13/2016,1190,1.08,1.08,0.0,0.6,2.24,2.38,0.073854,8,56,238,764,2141
8053475328,03/14/2016,6016,4.86,4.86,0.0,0.26,0.24,3.46,0.004712,4,6,346,666,2384
8053475328,03/16/2016,5323,3.98,3.98,0.0,0.63,0.84,2.15,0.042615,5,21,215,761,1760
8053475328,03/17/2016,1550,1.57,1.57,0.0,0.3,0.8,2.32,0.014693,8,20,232,649,2167
8053475328,03/18/2016,4363,3.53,3.53,0.0,0.25,0.08,1.06,0.06024,4,2,106,700,1861
8053475328,03/19/2016,3431,2.81,2.81,0.0,1.03,0.16,1.06,0.064304,11,4,106,942,1851
8053475328,03/20/2016,5233,4.54,4.54,0.0,0.61,0.52,1.78,0.003863,9,13,178,638,1950
8053475328,03/21/2016,6321,4.9,4.9,0.0,0.35,0.08,0.45,0.06214,1,2,45,867,1568
8053475328,03/22/2016,989,0.3,0.3,0.0,0.26,0.08,2.73,0.00045,7,2,273,781,2157
8053475328,03/23/2016,7065,5.28,5.28,0.0,2.36,1.12,0.83,0.029747,31,28,83,683,2228
8053475328,03/24/2016,3468,2.97,2.97,0.0,2.05,0.48,1.42,0.057018,26,12,142,759,1799
8053475328,03/25/2016,0,0.21,0.21,0.0,2.46,0.12,2.67,0.05519,33,3,267,990,2228
8053475328,03/26/2016,3772,2.83,2.83,0.0,1.54,0.28,1.62,0.018505,19,7,162,826,1933
8053475328,03/27/2016,5953,5.01,5.01,0.0,0.29,0.32,1.15,0.050496,4,8,115,745,1979
8053475328,03/28/2016,6547,4.55,4.55,0.0,0.33,0.4,2.91,0.047606,5,10,291,793,2261
8053475328,03/29/2016,0,0.0,0.0,0.0,1.01,0.16,0.69,0.065128,15,4,69,705,1742
8053475328,03/30/2016,1189,1.29,1.29,0.0,1.93,0.56,1.56,0.016873,23,14,156,616,2145
8053475328,03/31/2016,9939,7.95,7.95,0.0,1.03,0.68,1.4,0.026606,15,17,140,1133,1928
8053475328,04/01/2016,3418,2.95,2.95,0.0,1.87,0.24,1.62,0.018515,23,6,162,776,1966
8053475328,04/02/2016,4395,3.29,3.29,0.0,0.5,0.64,1.78,0.097062,6,16,178,809,1885
8053475328,04/03/2016,5065,3.53,3.53,0.0,0.87,0.24,1.69,0.060408,5,6,169,686,1841
8053475328,04/05/2016,7692,5.67,5.67,0.0,0.0,0.32,3.61,0.049583,0,8,361,739,2181
8053475328,04/06/2016,2797,2.42,2.42,0.0,1.23,0.6,1.99,0.071392,13,15,199,716,1879
8053475328,04/07/2016,0,0.14,0.14,0.0,0.75,1.48,2.08,0.012868,7,37,208,767,2265
8053475328,04/08/2016,3117,2.56,2.56,0.0,1.35,0.24,1.89,0.002033,18,6,189,983,1965
8053475328,04/09/2016,8217,7.01,7.01,0.0,0.0,0.04,1.96,0.006987,1,1,196,781,1927
8053475328,04/10/2016,2293,1.61,1.61,0.0,0.08,0.36,1.72,0.034882,0,9,172,796,1840
8053475328,04/11/2016,5817,4.35,4.35,0.0,0.04,0.56,3.75,0.048066,1,14,375,759,2374
8253242879,03/12/2016,3931,3.34,3.34,0.0,0.53,0.68,2.98,0.065245,5,17,298,843,2048
8253242879,03/13/2016,4291,3.33,3.33,0.0,0.5,0.2,1.83,0.012605,6,5,183,874,1661
8253242879,03/14/2016,4437,3.49,3.49,0.0,0.0,0.08,1.74,0.002072,1,2,174,720,1797
8253242879,03/15/2016,7493,5.41,5.41,0.0,1.57,2.24,1.56,0.089821,22,56,156,718,2197
8253242879,03/16/2016,6073,4.72,4.72,0.0,0.15,0.68,1.65,0.013139,4,17,165,927,1713
8253242879,03/17/2016,5594,4.48,4.48,0.0,0.07,0.08,2.21,0.043827,1,2,221,976,1844
8253242879,03/18/2016,5040,3.22,3.22,0.0,1.42,0.24,2.57,0.009962,18,6,257,1076,2186
8253242879,03/19/2016,2502,1.9,1.9,0.0,0.34,0.28,2.6,0.038239,3,7,260,1003,1955
8253242879,03/20/2016,5350,4.16,4.16,0.0,0.0,0.52,1.48,0.012507,0,13,148,736,2046
8253242879,03/21/2016,5909,5.13,5.13,0.0,1.83,0.8,2.1,0.044551,24,20,210,840,2082
8253242879,03/22/2016,5850,4.03,4.03,0.0,1.55,0.52,1.79,0.05123,20,13,179,769,2058
8253242879,03/23/2016,6168,4.85,4.85,0.0,0.23,0.44,1.62,0.015451,2,11,162,468,1773
8253242879,03/24/2016,8147,6.07,6.07,0.0,1.4,1.16,2.75,0.087288,21,29,275,736,2549
8253242879,03/25/2016,7399,5.76,5.76,0.0,2.97,0.04,1.74,0.006417,37,1,174,933,2176
8253242879,03/26/2016,7286,5.28,5.28,0.0,1.86,0.4,2.21,0.088939,19,10,221,562,2080
8253242879,03/27/2016,8449,6.22,6.22,0.0,3.01,0.16,2.23,0.06911,38,4,223,633,2189
8253242879,03/28/2016,10687,8.15,8.15,0.0,0.34,0.08,2.26,0.070289,8,2,226,691,1962
8253242879,03/29/2016,7505,5.87,5.87,0.0,0.02,0.32,2.3,0.038264,0,8,230,758,1728
8253242879,03/31/2016,2185,1.84,1.84,0.0,0.36,1.44,0.95,0.068514,5,36,95,700,1783
8253242879,04/01/2016,2829,2.28,2.28,0.0,0.0,1.12,2.1,0.00591,4,28,210,644,2261
8253242879,04/02/2016,4596,3.72,3.72,0.0,1.09,0.2,0.73,0.098935,16,5,73,590,1829
8253242879,04/03/2016,6492,5.17,5.17,0.0,0.57,0.2,1.59,0.065114,10,5,159,982,2151
8253242879,04/04/2016,7433,5.6,5.6,0.0,3.93,0.0,2.11,0.004923,47,0,211,874,2142
8253242879,04/05/2016,2159,1.2,1.2,0.0,0.24,0.48,2.87,0.085204,1,12,287,801,2032
8253242879,04/06/2016,5218,4.38,4.38,0.0,0.62,0.08,1.97,0.06343,6,2,197,757,1880
8253242879,04/07/2016,9837,8.05,8.05,0.0,0.14,0.52,2.46,0.024817,1,13,246,818,2074
8253242879,04/08/2016,4910,4.22,4.22,0.0,1.01,0.8,1.66,0.079903,10,20,166,681,2068
8253242879,04/09/2016,6839,5.21,5.21,0.0,0.36,0.0,2.36,0.014195,2,0,236,873,1901
8583815059,03/12/2016,5515,3.84,3.84,0.0,1.5,0.76,1.87,0.040059,18,19,187,800,1777
8583815059,03/13/2016,10384,7.68,7.68,0.0,1.05,0.4,2.13,0.034106,12,10,213,864,2012
8583815059,03/14/2016,11473,8.36,8.36,0.0,0.06,1.2,2.09,0.075827,3,30,209,667,2131
8583815059,03/15/2016,10337,7.65,7.65,0.0,0.81,0.24,1.59,0.016094,5,6,159,982,1964
8583815059,03/16/2016,14459,11.48,11.48,0.0,0.44,0.52,1.69,0.0139,3,13,169,728,2005
8583815059,03/17/2016,11235,8.94,8.94,0.0,0.2,0.04,1.81,0.06507,4,1,181,1152,1908
8583815059,03/19/2016,13466,10.65,10.65,0.0,0.77,0.16,1.8,0.095015,12,4,180,951,2016
8583815059,03/20/2016,11213,8.85,8.85,0.0,0.54,1.16,2.15,0.035871,6,29,215,760,2004
8583815059,03/21/2016,10833,8.21,8.21,0.0,0.57,0.28,0.74,0.053349,7,7,74,957,1982
8583815059,03/22/2016,12678,9.38,9.38,0.0,0.44,0.64,2.36,0.044443,5,16,236,1040,2304
8583815059,03/23/2016,7630,5.39,5.39,0.0,0.0,0.96,2.12,0.06704,0,24,212,668,1990
8583815059,03/24/2016,14504,11.11,11.11,0.0,1.33,0.12,0.83,0.085467,15,3,83,1109,1932
8583815059,03/26/2016,13623,10.67,10.67,0.0,0.0,1.12,1.92,0.080419,1,28,192,914,2497
8583815059,03/27/2016,7301,5.88,5.88,0.0,3.9,0.16,1.62,0.051193,50,4,162,755,2278
8583815059,03/28/2016,9406,7.42,7.42,0.0,0.06,0.56,2.09,0.056669,2,14,209,948,1992
8583815059,03/29/2016,7247,5.89,5.89,0.0,1.57,1.08,1.53,0.035866,22,27,153,973,2295
8583815059,03/30/2016,10834,8.46,8.46,0.0,0.29,0.24,1.08,0.020889,5,6,108,785,1652
8583815059,04/01/2016,7614,6.11,6.11,0.0,0.61,0.0,2.55,0.029196,6,0,255,830,1838
8583815059,04/02/2016,9697,7.93,7.93,0.0,0.31,0.72,1.44,0.053231,1,18,144,781,2005
8583815059,04/03/2016,10544,7.83,7.83,0.0,0.0,0.44,2.63,0.077549,0,11,263,868,2246
8583815059,04/05/2016,13404,10.65,10.65,0.0,0.66,0.84,1.19,0.007509,5,21,119,952,2069
8583815059,04/06/2016,10836,8.13,8.13,0.0,2.56,0.32,1.58,0.028293,32,8,158,1060,2082
8583815059,04/07/2016,11543,8.9,8.9,0.0,1.44,0.0,1.17,0.029413,21,0,117,981,1959
8583815059,04/08/2016,10426,7.56,7.56,0.0,3.48,1.24,2.45,0.004766,51,31,245,1056,2446
8583815059,04/10/2016,12520,9.35,9.35,0.0,0.48,0.32,1.84,0.064261,6,8,184,1045,2298
